,date,threshold,density,frustration_score,bicoloring,computation_time
0,2008-06-30,0.1,0.9005847953216374,0.0,"{'BND': 0, 'DBB': 0, 'DBE': 0, 'GLD': 0, 'ICF': 1, 'MUB': 0, 'RWR': 1, 'SHY': 0, 'SLV': 0, 'TIP': 0, 'TLT': 0, 'UNG': 0, 'USO': 0, 'USRT': 1, 'VB': 1, 'VEU': 1, 'VO': 1, 'VTI': 1, 'VWO': 1}",0.06649088859558105
1,2008-11-30,0.1,0.8888888888888888,0.0,"{'BND': 0, 'DBB': 1, 'DBE': 1, 'GLD': 1, 'ICF': 1, 'MUB': 1, 'RWR': 1, 'SHY': 0, 'SLV': 1, 'TIP': 0, 'TLT': 0, 'UNG': 1, 'USO': 1, 'USRT': 1, 'VB': 1, 'VEU': 1, 'VO': 1, 'VTI': 1, 'VWO': 1}",0.05592632293701172
2,2009-04-30,0.1,0.8771929824561403,0.0,"{'BND': 1, 'DBB': 0, 'DBE': 0, 'GLD': 1, 'ICF': 0, 'MUB': 0, 'RWR': 0, 'SHY': 1, 'SLV': 1, 'TIP': 1, 'TLT': 1, 'UNG': 0, 'USO': 0, 'USRT': 0, 'VB': 0, 'VEU': 0, 'VO': 0, 'VTI': 0, 'VWO': 0}",0.03195667266845703
3,2009-09-30,0.1,0.8830409356725146,0.0,"{'BND': 0, 'DBB': 1, 'DBE': 1, 'GLD': 1, 'ICF': 1, 'MUB': 1, 'RWR': 1, 'SHY': 0, 'SLV': 1, 'TIP': 1, 'TLT': 0, 'UNG': 1, 'USO': 1, 'USRT': 1, 'VB': 1, 'VEU': 1, 'VO': 1, 'VTI': 1, 'VWO': 1}",0.03595161437988281
4,2010-02-28,0.1,0.935672514619883,0.0,"{'BND': 0, 'DBB': 1, 'DBE': 1, 'GLD': 1, 'ICF': 1, 'MUB': 0, 'RWR': 1, 'SHY': 0, 'SLV': 1, 'TIP': 0, 'TLT': 0, 'UNG': 1, 'USO': 1, 'USRT': 1, 'VB': 1, 'VEU': 1, 'VO': 1, 'VTI': 1, 'VWO': 1}",0.03993725776672363
5,2010-07-31,0.1,0.8362573099415205,0.0,"{'BND': 0, 'DBB': 1, 'DBE': 1, 'GLD': 1, 'ICF': 1, 'MUB': 0, 'RWR': 1, 'SHY': 0, 'SLV': 1, 'TIP': 0, 'TLT': 0, 'UNG': 1, 'USO': 1, 'USRT': 1, 'VB': 1, 'VEU': 1, 'VO': 1, 'VTI': 1, 'VWO': 1}",0.03197455406188965
6,2010-12-31,0.1,0.7485380116959064,0.0,"{'BND': 1, 'DBB': 1, 'DBE': 1, 'GLD': 1, 'ICF': 1, 'MUB': 1, 'RWR': 1, 'SHY': 1, 'SLV': 1, 'TIP': 1, 'TLT': 1, 'UNG': 1, 'USO': 1, 'USRT': 1, 'VB': 0, 'VEU': 1, 'VO': 0, 'VTI': 0, 'VWO': 1}",0.03197360038757324
7,2011-05-31,0.1,0.9005847953216374,0.0,"{'BND': 1, 'DBB': 0, 'DBE': 0, 'GLD': 0, 'ICF': 0, 'MUB': 1, 'RWR': 0, 'SHY': 1, 'SLV': 0, 'TIP': 0, 'TLT': 1, 'UNG': 0, 'USO': 0, 'USRT': 0, 'VB': 0, 'VEU': 0, 'VO': 0, 'VTI': 0, 'VWO': 0}",0.03594326972961426
8,2011-10-31,0.1,0.8830409356725146,0.0,"{'BND': 1, 'DBB': 0, 'DBE': 0, 'GLD': 0, 'ICF': 0, 'MUB': 1, 'RWR': 0, 'SHY': 1, 'SLV': 0, 'TIP': 1, 'TLT': 1, 'UNG': 0, 'USO': 0, 'USRT': 0, 'VB': 0, 'VEU': 0, 'VO': 0, 'VTI': 0, 'VWO': 0}",0.019971132278442383
9,2012-03-31,0.1,0.8362573099415205,0.0,"{'BND': 1, 'DBB': 0, 'DBE': 0, 'GLD': 0, 'ICF': 0, 'MUB': 1, 'RWR': 0, 'SHY': 1, 'SLV': 0, 'TIP': 1, 'TLT': 1, 'UNG': 0, 'USO': 0, 'USRT': 0, 'VB': 0, 'VEU': 0, 'VO': 0, 'VTI': 0, 'VWO': 0}",0.02396368980407715
10,2012-08-31,0.1,0.8538011695906432,0.0,"{'BND': 0, 'DBB': 1, 'DBE': 1, 'GLD': 1, 'ICF': 1, 'MUB': 0, 'RWR': 1, 'SHY': 0, 'SLV': 1, 'TIP': 0, 'TLT': 0, 'UNG': 1, 'USO': 1, 'USRT': 1, 'VB': 1, 'VEU': 1, 'VO': 1, 'VTI': 1, 'VWO': 1}",0.02796196937561035
11,2013-01-31,0.1,0.8888888888888888,0.0,"{'BND': 0, 'DBB': 1, 'DBE': 1, 'GLD': 1, 'ICF': 1, 'MUB': 1, 'RWR': 1, 'SHY': 0, 'SLV': 1, 'TIP': 0, 'TLT': 0, 'UNG': 0, 'USO': 1, 'USRT': 1, 'VB': 1, 'VEU': 1, 'VO': 1, 'VTI': 1, 'VWO': 1}",0.01997828483581543
12,2013-06-30,0.1,0.9064327485380117,0.0,"{'BND': 0, 'DBB': 0, 'DBE': 0, 'GLD': 0, 'ICF': 0, 'MUB': 0, 'RWR': 0, 'SHY': 0, 'SLV': 0, 'TIP': 0, 'TLT': 0, 'UNG': 1, 'USO': 0, 'USRT': 0, 'VB': 0, 'VEU': 0, 'VO': 0, 'VTI': 0, 'VWO': 0}",0.0199735164642334
13,2013-11-30,0.1,0.8771929824561403,0.0,"{'BND': 1, 'DBB': 1, 'DBE': 1, 'GLD': 1, 'ICF': 1, 'MUB': 1, 'RWR': 1, 'SHY': 1, 'SLV': 1, 'TIP': 1, 'TLT': 1, 'UNG': 0, 'USO': 1, 'USRT': 1, 'VB': 1, 'VEU': 1, 'VO': 1, 'VTI': 1, 'VWO': 1}",0.02396845817565918
14,2014-04-30,0.1,0.7719298245614035,0.0,"{'BND': 0, 'DBB': 0, 'DBE': 0, 'GLD': 0, 'ICF': 1, 'MUB': 0, 'RWR': 1, 'SHY': 0, 'SLV': 0, 'TIP': 0, 'TLT': 0, 'UNG': 0, 'USO': 0, 'USRT': 1, 'VB': 1, 'VEU': 1, 'VO': 1, 'VTI': 1, 'VWO': 0}",0.019974231719970703
15,2014-09-30,0.1,0.8830409356725146,0.0,"{'BND': 0, 'DBB': 0, 'DBE': 0, 'GLD': 0, 'ICF': 0, 'MUB': 1, 'RWR': 0, 'SHY': 1, 'SLV': 0, 'TIP': 1, 'TLT': 1, 'UNG': 1, 'USO': 0, 'USRT': 0, 'VB': 0, 'VEU': 0, 'VO': 0, 'VTI': 0, 'VWO': 0}",0.0199735164642334
16,2015-02-28,0.1,0.8011695906432749,0.0,"{'BND': 1, 'DBB': 0, 'DBE': 0, 'GLD': 1, 'ICF': 1, 'MUB': 1, 'RWR': 1, 'SHY': 1, 'SLV': 0, 'TIP': 1, 'TLT': 1, 'UNG': 0, 'USO': 0, 'USRT': 0, 'VB': 0, 'VEU': 0, 'VO': 0, 'VTI': 0, 'VWO': 0}",0.0199739933013916
17,2015-07-31,0.1,0.8421052631578947,0.0,"{'BND': 0, 'DBB': 1, 'DBE': 1, 'GLD': 0, 'ICF': 1, 'MUB': 0, 'RWR': 1, 'SHY': 0, 'SLV': 1, 'TIP': 0, 'TLT': 0, 'UNG': 1, 'USO': 1, 'USRT': 1, 'VB': 1, 'VEU': 1, 'VO': 1, 'VTI': 1, 'VWO': 1}",0.0199739933013916
18,2015-12-31,0.1,0.8304093567251462,0.0,"{'BND': 0, 'DBB': 0, 'DBE': 0, 'GLD': 0, 'ICF': 0, 'MUB': 1, 'RWR': 0, 'SHY': 0, 'SLV': 0, 'TIP': 1, 'TLT': 1, 'UNG': 0, 'USO': 0, 'USRT': 0, 'VB': 0, 'VEU': 0, 'VO': 0, 'VTI': 0, 'VWO': 0}",0.019970417022705078
19,2016-05-31,0.1,0.8830409356725146,0.0,"{'BND': 1, 'DBB': 0, 'DBE': 0, 'GLD': 1, 'ICF': 0, 'MUB': 1, 'RWR': 0, 'SHY': 1, 'SLV': 1, 'TIP': 1, 'TLT': 1, 'UNG': 1, 'USO': 0, 'USRT': 0, 'VB': 0, 'VEU': 0, 'VO': 0, 'VTI': 0, 'VWO': 0}",0.01598978042602539
20,2016-10-31,0.1,0.8538011695906432,0.0,"{'BND': 1, 'DBB': 1, 'DBE': 0, 'GLD': 1, 'ICF': 1, 'MUB': 1, 'RWR': 1, 'SHY': 1, 'SLV': 1, 'TIP': 1, 'TLT': 1, 'UNG': 0, 'USO': 0, 'USRT': 1, 'VB': 1, 'VEU': 1, 'VO': 1, 'VTI': 1, 'VWO': 1}",0.023967266082763672
21,2017-03-31,0.1,0.8830409356725146,0.0,"{'BND': 0, 'DBB': 0, 'DBE': 0, 'GLD': 0, 'ICF': 0, 'MUB': 0, 'RWR': 0, 'SHY': 0, 'SLV': 0, 'TIP': 0, 'TLT': 0, 'UNG': 1, 'USO': 0, 'USRT': 0, 'VB': 0, 'VEU': 0, 'VO': 0, 'VTI': 0, 'VWO': 0}",0.0199739933013916
22,2017-08-31,0.1,0.7602339181286549,0.0,"{'BND': 1, 'DBB': 1, 'DBE': 1, 'GLD': 1, 'ICF': 0, 'MUB': 1, 'RWR': 0, 'SHY': 1, 'SLV': 1, 'TIP': 1, 'TLT': 1, 'UNG': 1, 'USO': 0, 'USRT': 0, 'VB': 0, 'VEU': 0, 'VO': 0, 'VTI': 0, 'VWO': 0}",0.01597762107849121
23,2008-06-30,0.2,0.8596491228070176,0.0,"{'BND': 0, 'DBB': 0, 'DBE': 0, 'GLD': 0, 'ICF': 1, 'MUB': 0, 'RWR': 1, 'SHY': 0, 'SLV': 0, 'TIP': 0, 'TLT': 0, 'UNG': 0, 'USO': 0, 'USRT': 1, 'VB': 1, 'VEU': 1, 'VO': 1, 'VTI': 1, 'VWO': 1}",0.023966550827026367
24,2008-11-30,0.2,0.7719298245614035,0.0,"{'BND': 1, 'DBB': 0, 'DBE': 0, 'GLD': 0, 'ICF': 0, 'MUB': 0, 'RWR': 0, 'SHY': 1, 'SLV': 0, 'TIP': 1, 'TLT': 1, 'UNG': 0, 'USO': 0, 'USRT': 0, 'VB': 0, 'VEU': 0, 'VO': 0, 'VTI': 0, 'VWO': 0}",0.01597881317138672
25,2009-04-30,0.2,0.783625730994152,0.0,"{'BND': 1, 'DBB': 0, 'DBE': 0, 'GLD': 1, 'ICF': 0, 'MUB': 0, 'RWR': 0, 'SHY': 1, 'SLV': 1, 'TIP': 1, 'TLT': 1, 'UNG': 0, 'USO': 0, 'USRT': 0, 'VB': 0, 'VEU': 0, 'VO': 0, 'VTI': 0, 'VWO': 0}",0.015976905822753906
26,2009-09-30,0.2,0.7251461988304093,0.0,"{'BND': 0, 'DBB': 1, 'DBE': 1, 'GLD': 1, 'ICF': 1, 'MUB': 0, 'RWR': 1, 'SHY': 0, 'SLV': 1, 'TIP': 1, 'TLT': 0, 'UNG': 1, 'USO': 1, 'USRT': 1, 'VB': 1, 'VEU': 1, 'VO': 1, 'VTI': 1, 'VWO': 1}",0.02397322654724121
27,2010-02-28,0.2,0.8596491228070176,0.0,"{'BND': 0, 'DBB': 1, 'DBE': 1, 'GLD': 1, 'ICF': 1, 'MUB': 0, 'RWR': 1, 'SHY': 0, 'SLV': 1, 'TIP': 0, 'TLT': 0, 'UNG': 1, 'USO': 1, 'USRT': 1, 'VB': 1, 'VEU': 1, 'VO': 1, 'VTI': 1, 'VWO': 1}",0.01597762107849121
28,2010-07-31,0.2,0.7485380116959064,0.0,"{'BND': 0, 'DBB': 1, 'DBE': 1, 'GLD': 1, 'ICF': 1, 'MUB': 0, 'RWR': 1, 'SHY': 0, 'SLV': 1, 'TIP': 0, 'TLT': 0, 'UNG': 1, 'USO': 1, 'USRT': 1, 'VB': 1, 'VEU': 1, 'VO': 1, 'VTI': 1, 'VWO': 1}",0.015980005264282227
29,2010-12-31,0.2,0.5847953216374269,0.0,"{'BND': 1, 'DBB': 1, 'DBE': 1, 'GLD': 1, 'ICF': 1, 'MUB': 1, 'RWR': 1, 'SHY': 1, 'SLV': 1, 'TIP': 1, 'TLT': 1, 'UNG': 1, 'USO': 1, 'USRT': 1, 'VB': 1, 'VEU': 1, 'VO': 1, 'VTI': 1, 'VWO': 1}",0.031960248947143555
30,2011-05-31,0.2,0.7894736842105263,0.0,"{'BND': 0, 'DBB': 1, 'DBE': 1, 'GLD': 1, 'ICF': 1, 'MUB': 0, 'RWR': 1, 'SHY': 0, 'SLV': 1, 'TIP': 1, 'TLT': 0, 'UNG': 1, 'USO': 1, 'USRT': 1, 'VB': 1, 'VEU': 1, 'VO': 1, 'VTI': 1, 'VWO': 1}",0.015979290008544922
31,2011-10-31,0.2,0.7894736842105263,0.0,"{'BND': 1, 'DBB': 0, 'DBE': 0, 'GLD': 0, 'ICF': 0, 'MUB': 1, 'RWR': 0, 'SHY': 1, 'SLV': 0, 'TIP': 1, 'TLT': 1, 'UNG': 0, 'USO': 0, 'USRT': 0, 'VB': 0, 'VEU': 0, 'VO': 0, 'VTI': 0, 'VWO': 0}",0.03196072578430176
32,2012-03-31,0.2,0.6783625730994152,0.0,"{'BND': 0, 'DBB': 1, 'DBE': 1, 'GLD': 1, 'ICF': 1, 'MUB': 0, 'RWR': 1, 'SHY': 0, 'SLV': 1, 'TIP': 0, 'TLT': 0, 'UNG': 1, 'USO': 1, 'USRT': 1, 'VB': 1, 'VEU': 1, 'VO': 1, 'VTI': 1, 'VWO': 1}",0.015978097915649414
33,2012-08-31,0.2,0.7426900584795322,0.0,"{'BND': 1, 'DBB': 0, 'DBE': 0, 'GLD': 0, 'ICF': 0, 'MUB': 1, 'RWR': 0, 'SHY': 1, 'SLV': 0, 'TIP': 1, 'TLT': 1, 'UNG': 0, 'USO': 0, 'USRT': 0, 'VB': 0, 'VEU': 0, 'VO': 0, 'VTI': 0, 'VWO': 0}",0.01997828483581543
34,2013-01-31,0.2,0.695906432748538,0.0,"{'BND': 0, 'DBB': 1, 'DBE': 1, 'GLD': 1, 'ICF': 1, 'MUB': 1, 'RWR': 1, 'SHY': 0, 'SLV': 1, 'TIP': 0, 'TLT': 0, 'UNG': 0, 'USO': 1, 'USRT': 1, 'VB': 1, 'VEU': 1, 'VO': 1, 'VTI': 1, 'VWO': 1}",0.09587216377258301
35,2013-06-30,0.2,0.783625730994152,0.0,"{'BND': 1, 'DBB': 1, 'DBE': 1, 'GLD': 1, 'ICF': 1, 'MUB': 1, 'RWR': 1, 'SHY': 1, 'SLV': 1, 'TIP': 1, 'TLT': 1, 'UNG': 1, 'USO': 1, 'USRT': 1, 'VB': 1, 'VEU': 1, 'VO': 1, 'VTI': 1, 'VWO': 1}",0.019972562789916992
36,2013-11-30,0.2,0.6549707602339181,0.0,"{'BND': 1, 'DBB': 1, 'DBE': 1, 'GLD': 1, 'ICF': 1, 'MUB': 1, 'RWR': 1, 'SHY': 1, 'SLV': 1, 'TIP': 1, 'TLT': 1, 'UNG': 0, 'USO': 1, 'USRT': 1, 'VB': 1, 'VEU': 1, 'VO': 1, 'VTI': 1, 'VWO': 1}",0.027963876724243164
37,2014-04-30,0.2,0.5730994152046783,0.0,"{'BND': 0, 'DBB': 0, 'DBE': 0, 'GLD': 0, 'ICF': 1, 'MUB': 0, 'RWR': 1, 'SHY': 0, 'SLV': 0, 'TIP': 0, 'TLT': 0, 'UNG': 0, 'USO': 0, 'USRT': 1, 'VB': 1, 'VEU': 1, 'VO': 1, 'VTI': 1, 'VWO': 1}",0.019971370697021484
38,2014-09-30,0.2,0.6666666666666666,0.0,"{'BND': 1, 'DBB': 0, 'DBE': 0, 'GLD': 1, 'ICF': 0, 'MUB': 1, 'RWR': 0, 'SHY': 1, 'SLV': 0, 'TIP': 1, 'TLT': 1, 'UNG': 1, 'USO': 0, 'USRT': 0, 'VB': 0, 'VEU': 0, 'VO': 0, 'VTI': 0, 'VWO': 0}",0.015969038009643555
39,2015-02-28,0.2,0.6374269005847953,0.0,"{'BND': 1, 'DBB': 1, 'DBE': 1, 'GLD': 1, 'ICF': 1, 'MUB': 1, 'RWR': 1, 'SHY': 1, 'SLV': 1, 'TIP': 0, 'TLT': 0, 'UNG': 1, 'USO': 1, 'USRT': 1, 'VB': 1, 'VEU': 1, 'VO': 1, 'VTI': 1, 'VWO': 1}",0.027971744537353516
40,2015-07-31,0.2,0.7017543859649122,0.0,"{'BND': 0, 'DBB': 1, 'DBE': 1, 'GLD': 1, 'ICF': 1, 'MUB': 0, 'RWR': 1, 'SHY': 0, 'SLV': 1, 'TIP': 0, 'TLT': 0, 'UNG': 1, 'USO': 1, 'USRT': 1, 'VB': 1, 'VEU': 1, 'VO': 1, 'VTI': 1, 'VWO': 1}",0.019977092742919922
41,2015-12-31,0.2,0.6608187134502924,0.0,"{'BND': 1, 'DBB': 0, 'DBE': 0, 'GLD': 0, 'ICF': 0, 'MUB': 1, 'RWR': 0, 'SHY': 1, 'SLV': 0, 'TIP': 1, 'TLT': 1, 'UNG': 0, 'USO': 0, 'USRT': 0, 'VB': 0, 'VEU': 0, 'VO': 0, 'VTI': 0, 'VWO': 0}",0.01997232437133789
42,2016-05-31,0.2,0.6900584795321637,0.0,"{'BND': 0, 'DBB': 1, 'DBE': 1, 'GLD': 0, 'ICF': 1, 'MUB': 0, 'RWR': 1, 'SHY': 0, 'SLV': 0, 'TIP': 0, 'TLT': 0, 'UNG': 0, 'USO': 0, 'USRT': 1, 'VB': 1, 'VEU': 1, 'VO': 1, 'VTI': 1, 'VWO': 1}",0.03195786476135254
43,2016-10-31,0.2,0.7426900584795322,0.0,"{'BND': 1, 'DBB': 1, 'DBE': 0, 'GLD': 1, 'ICF': 1, 'MUB': 1, 'RWR': 1, 'SHY': 1, 'SLV': 1, 'TIP': 1, 'TLT': 1, 'UNG': 0, 'USO': 0, 'USRT': 1, 'VB': 1, 'VEU': 1, 'VO': 1, 'VTI': 1, 'VWO': 1}",0.023966073989868164
44,2017-03-31,0.2,0.783625730994152,0.0,"{'BND': 0, 'DBB': 0, 'DBE': 0, 'GLD': 0, 'ICF': 0, 'MUB': 0, 'RWR': 0, 'SHY': 0, 'SLV': 0, 'TIP': 0, 'TLT': 0, 'UNG': 1, 'USO': 0, 'USRT': 0, 'VB': 0, 'VEU': 0, 'VO': 0, 'VTI': 0, 'VWO': 0}",0.027959823608398438
45,2017-08-31,0.2,0.5847953216374269,0.0,"{'BND': 1, 'DBB': 0, 'DBE': 1, 'GLD': 1, 'ICF': 0, 'MUB': 1, 'RWR': 0, 'SHY': 1, 'SLV': 1, 'TIP': 1, 'TLT': 1, 'UNG': 1, 'USO': 1, 'USRT': 0, 'VB': 0, 'VEU': 0, 'VO': 0, 'VTI': 0, 'VWO': 0}",0.02396702766418457
46,2008-06-30,0.30000000000000004,0.7543859649122807,0.0,"{'BND': 0, 'DBB': 0, 'DBE': 0, 'GLD': 0, 'ICF': 1, 'MUB': 0, 'RWR': 1, 'SHY': 0, 'SLV': 0, 'TIP': 0, 'TLT': 0, 'UNG': 0, 'USO': 0, 'USRT': 1, 'VB': 1, 'VEU': 1, 'VO': 1, 'VTI': 1, 'VWO': 1}",0.01997232437133789
47,2008-11-30,0.30000000000000004,0.7134502923976608,0.0,"{'BND': 0, 'DBB': 1, 'DBE': 1, 'GLD': 1, 'ICF': 1, 'MUB': 0, 'RWR': 1, 'SHY': 0, 'SLV': 1, 'TIP': 0, 'TLT': 0, 'UNG': 1, 'USO': 1, 'USRT': 1, 'VB': 1, 'VEU': 1, 'VO': 1, 'VTI': 1, 'VWO': 1}",0.02397465705871582
48,2009-04-30,0.30000000000000004,0.695906432748538,0.0,"{'BND': 0, 'DBB': 1, 'DBE': 1, 'GLD': 0, 'ICF': 1, 'MUB': 1, 'RWR': 1, 'SHY': 0, 'SLV': 0, 'TIP': 0, 'TLT': 0, 'UNG': 1, 'USO': 1, 'USRT': 1, 'VB': 1, 'VEU': 1, 'VO': 1, 'VTI': 1, 'VWO': 1}",0.09587383270263672
49,2009-09-30,0.30000000000000004,0.6374269005847953,0.0,"{'BND': 1, 'DBB': 0, 'DBE': 0, 'GLD': 0, 'ICF': 0, 'MUB': 1, 'RWR': 0, 'SHY': 1, 'SLV': 0, 'TIP': 1, 'TLT': 1, 'UNG': 0, 'USO': 0, 'USRT': 0, 'VB': 0, 'VEU': 0, 'VO': 0, 'VTI': 0, 'VWO': 0}",0.01562190055847168
50,2010-02-28,0.30000000000000004,0.7777777777777778,0.0,"{'BND': 0, 'DBB': 1, 'DBE': 1, 'GLD': 1, 'ICF': 1, 'MUB': 0, 'RWR': 1, 'SHY': 0, 'SLV': 1, 'TIP': 0, 'TLT': 0, 'UNG': 1, 'USO': 1, 'USRT': 1, 'VB': 1, 'VEU': 1, 'VO': 1, 'VTI': 1, 'VWO': 1}",0.015623092651367188
51,2010-07-31,0.30000000000000004,0.6666666666666666,0.0,"{'BND': 0, 'DBB': 1, 'DBE': 1, 'GLD': 1, 'ICF': 1, 'MUB': 0, 'RWR': 1, 'SHY': 0, 'SLV': 1, 'TIP': 0, 'TLT': 0, 'UNG': 0, 'USO': 1, 'USRT': 1, 'VB': 1, 'VEU': 1, 'VO': 1, 'VTI': 1, 'VWO': 1}",0.0
52,2010-12-31,0.30000000000000004,0.4269005847953216,0.0,"{'BND': 0, 'DBB': 0, 'DBE': 0, 'GLD': 0, 'ICF': 0, 'MUB': 0, 'RWR': 0, 'SHY': 0, 'SLV': 0, 'TIP': 0, 'TLT': 0, 'UNG': 0, 'USO': 0, 'USRT': 0, 'VB': 0, 'VEU': 0, 'VO': 0, 'VTI': 0, 'VWO': 0}",0.015622138977050781
53,2011-05-31,0.30000000000000004,0.695906432748538,0.0,"{'BND': 1, 'DBB': 0, 'DBE': 0, 'GLD': 0, 'ICF': 0, 'MUB': 1, 'RWR': 0, 'SHY': 1, 'SLV': 0, 'TIP': 0, 'TLT': 1, 'UNG': 0, 'USO': 0, 'USRT': 0, 'VB': 0, 'VEU': 0, 'VO': 0, 'VTI': 0, 'VWO': 0}",0.015621423721313477
54,2011-10-31,0.30000000000000004,0.7192982456140351,0.0,"{'BND': 0, 'DBB': 1, 'DBE': 1, 'GLD': 1, 'ICF': 1, 'MUB': 0, 'RWR': 1, 'SHY': 0, 'SLV': 1, 'TIP': 0, 'TLT': 0, 'UNG': 0, 'USO': 1, 'USRT': 1, 'VB': 1, 'VEU': 1, 'VO': 1, 'VTI': 1, 'VWO': 1}",0.015619516372680664
55,2012-03-31,0.30000000000000004,0.5789473684210527,0.0,"{'BND': 0, 'DBB': 1, 'DBE': 1, 'GLD': 1, 'ICF': 1, 'MUB': 0, 'RWR': 1, 'SHY': 0, 'SLV': 1, 'TIP': 0, 'TLT': 0, 'UNG': 0, 'USO': 1, 'USRT': 1, 'VB': 1, 'VEU': 1, 'VO': 1, 'VTI': 1, 'VWO': 1}",0.015623092651367188
56,2012-08-31,0.30000000000000004,0.543859649122807,0.0,"{'BND': 0, 'DBB': 1, 'DBE': 1, 'GLD': 1, 'ICF': 1, 'MUB': 0, 'RWR': 1, 'SHY': 0, 'SLV': 1, 'TIP': 0, 'TLT': 0, 'UNG': 0, 'USO': 1, 'USRT': 1, 'VB': 1, 'VEU': 1, 'VO': 1, 'VTI': 1, 'VWO': 1}",0.015621185302734375
57,2013-01-31,0.30000000000000004,0.49707602339181284,0.0,"{'BND': 1, 'DBB': 0, 'DBE': 0, 'GLD': 0, 'ICF': 0, 'MUB': 0, 'RWR': 0, 'SHY': 1, 'SLV': 0, 'TIP': 1, 'TLT': 1, 'UNG': 1, 'USO': 0, 'USRT': 0, 'VB': 0, 'VEU': 0, 'VO': 0, 'VTI': 0, 'VWO': 0}",0.022237777709960938
58,2013-06-30,0.30000000000000004,0.672514619883041,0.0,"{'BND': 1, 'DBB': 1, 'DBE': 1, 'GLD': 1, 'ICF': 1, 'MUB': 1, 'RWR': 1, 'SHY': 1, 'SLV': 1, 'TIP': 1, 'TLT': 1, 'UNG': 0, 'USO': 1, 'USRT': 1, 'VB': 1, 'VEU': 1, 'VO': 1, 'VTI': 1, 'VWO': 1}",0.010005950927734375
59,2013-11-30,0.30000000000000004,0.5146198830409356,0.0,"{'BND': 1, 'DBB': 1, 'DBE': 1, 'GLD': 1, 'ICF': 1, 'MUB': 1, 'RWR': 1, 'SHY': 1, 'SLV': 1, 'TIP': 1, 'TLT': 1, 'UNG': 0, 'USO': 1, 'USRT': 1, 'VB': 1, 'VEU': 1, 'VO': 1, 'VTI': 1, 'VWO': 1}",0.015630483627319336
60,2014-04-30,0.30000000000000004,0.42105263157894735,0.0,"{'BND': 1, 'DBB': 1, 'DBE': 1, 'GLD': 1, 'ICF': 0, 'MUB': 1, 'RWR': 0, 'SHY': 1, 'SLV': 1, 'TIP': 1, 'TLT': 1, 'UNG': 1, 'USO': 1, 'USRT': 0, 'VB': 0, 'VEU': 0, 'VO': 0, 'VTI': 0, 'VWO': 0}",0.015622615814208984
61,2014-09-30,0.30000000000000004,0.49707602339181284,0.0,"{'BND': 1, 'DBB': 0, 'DBE': 1, 'GLD': 1, 'ICF': 0, 'MUB': 1, 'RWR': 0, 'SHY': 1, 'SLV': 0, 'TIP': 1, 'TLT': 1, 'UNG': 0, 'USO': 0, 'USRT': 0, 'VB': 0, 'VEU': 0, 'VO': 0, 'VTI': 0, 'VWO': 0}",0.02902364730834961
62,2015-02-28,0.30000000000000004,0.5321637426900585,0.0,"{'BND': 1, 'DBB': 1, 'DBE': 1, 'GLD': 1, 'ICF': 1, 'MUB': 1, 'RWR': 1, 'SHY': 1, 'SLV': 1, 'TIP': 1, 'TLT': 1, 'UNG': 0, 'USO': 1, 'USRT': 1, 'VB': 1, 'VEU': 1, 'VO': 1, 'VTI': 1, 'VWO': 1}",0.08388829231262207
63,2015-07-31,0.30000000000000004,0.5964912280701754,0.0,"{'BND': 1, 'DBB': 0, 'DBE': 0, 'GLD': 1, 'ICF': 0, 'MUB': 1, 'RWR': 0, 'SHY': 1, 'SLV': 0, 'TIP': 1, 'TLT': 1, 'UNG': 0, 'USO': 0, 'USRT': 0, 'VB': 0, 'VEU': 0, 'VO': 0, 'VTI': 0, 'VWO': 0}",0.01997208595275879
64,2015-12-31,0.30000000000000004,0.4678362573099415,0.0,"{'BND': 0, 'DBB': 1, 'DBE': 1, 'GLD': 1, 'ICF': 1, 'MUB': 0, 'RWR': 1, 'SHY': 0, 'SLV': 1, 'TIP': 0, 'TLT': 0, 'UNG': 1, 'USO': 1, 'USRT': 1, 'VB': 1, 'VEU': 1, 'VO': 1, 'VTI': 1, 'VWO': 1}",0.019976139068603516
65,2016-05-31,0.30000000000000004,0.47953216374269003,0.0,"{'BND': 0, 'DBB': 1, 'DBE': 1, 'GLD': 1, 'ICF': 1, 'MUB': 0, 'RWR': 1, 'SHY': 0, 'SLV': 1, 'TIP': 0, 'TLT': 0, 'UNG': 0, 'USO': 1, 'USRT': 1, 'VB': 1, 'VEU': 1, 'VO': 1, 'VTI': 1, 'VWO': 1}",0.019968748092651367
66,2016-10-31,0.30000000000000004,0.5730994152046783,0.0,"{'BND': 1, 'DBB': 1, 'DBE': 0, 'GLD': 1, 'ICF': 1, 'MUB': 1, 'RWR': 1, 'SHY': 1, 'SLV': 1, 'TIP': 1, 'TLT': 1, 'UNG': 0, 'USO': 0, 'USRT': 1, 'VB': 1, 'VEU': 1, 'VO': 1, 'VTI': 1, 'VWO': 1}",0.023969650268554688
67,2017-03-31,0.30000000000000004,0.6666666666666666,0.0,"{'BND': 1, 'DBB': 1, 'DBE': 1, 'GLD': 1, 'ICF': 1, 'MUB': 1, 'RWR': 1, 'SHY': 1, 'SLV': 1, 'TIP': 1, 'TLT': 1, 'UNG': 1, 'USO': 1, 'USRT': 1, 'VB': 1, 'VEU': 1, 'VO': 1, 'VTI': 1, 'VWO': 1}",0.01997685432434082
68,2017-08-31,0.30000000000000004,0.4502923976608187,0.0,"{'BND': 0, 'DBB': 1, 'DBE': 0, 'GLD': 0, 'ICF': 1, 'MUB': 0, 'RWR': 1, 'SHY': 0, 'SLV': 0, 'TIP': 0, 'TLT': 0, 'UNG': 0, 'USO': 0, 'USRT': 1, 'VB': 1, 'VEU': 1, 'VO': 1, 'VTI': 1, 'VWO': 1}",0.015979528427124023
69,2008-06-30,0.4,0.5964912280701754,0.0,"{'BND': 1, 'DBB': 1, 'DBE': 1, 'GLD': 1, 'ICF': 0, 'MUB': 0, 'RWR': 0, 'SHY': 1, 'SLV': 1, 'TIP': 1, 'TLT': 1, 'UNG': 1, 'USO': 1, 'USRT': 0, 'VB': 0, 'VEU': 0, 'VO': 0, 'VTI': 0, 'VWO': 0}",0.019971847534179688
70,2008-11-30,0.4,0.6549707602339181,0.0,"{'BND': 0, 'DBB': 1, 'DBE': 1, 'GLD': 1, 'ICF': 1, 'MUB': 0, 'RWR': 1, 'SHY': 0, 'SLV': 1, 'TIP': 0, 'TLT': 0, 'UNG': 1, 'USO': 1, 'USRT': 1, 'VB': 1, 'VEU': 1, 'VO': 1, 'VTI': 1, 'VWO': 1}",0.011986494064331055
71,2009-04-30,0.4,0.5789473684210527,0.0,"{'BND': 0, 'DBB': 1, 'DBE': 1, 'GLD': 0, 'ICF': 1, 'MUB': 0, 'RWR': 1, 'SHY': 0, 'SLV': 0, 'TIP': 0, 'TLT': 0, 'UNG': 1, 'USO': 1, 'USRT': 1, 'VB': 1, 'VEU': 1, 'VO': 1, 'VTI': 1, 'VWO': 1}",0.01597881317138672
72,2009-09-30,0.4,0.49122807017543857,0.0,"{'BND': 1, 'DBB': 0, 'DBE': 0, 'GLD': 0, 'ICF': 0, 'MUB': 1, 'RWR': 0, 'SHY': 1, 'SLV': 0, 'TIP': 0, 'TLT': 1, 'UNG': 0, 'USO': 0, 'USRT': 0, 'VB': 0, 'VEU': 0, 'VO': 0, 'VTI': 0, 'VWO': 0}",0.023967266082763672
73,2010-02-28,0.4,0.6783625730994152,0.0,"{'BND': 0, 'DBB': 1, 'DBE': 1, 'GLD': 1, 'ICF': 1, 'MUB': 0, 'RWR': 1, 'SHY': 0, 'SLV': 1, 'TIP': 0, 'TLT': 0, 'UNG': 0, 'USO': 1, 'USRT': 1, 'VB': 1, 'VEU': 1, 'VO': 1, 'VTI': 1, 'VWO': 1}",0.031951904296875
74,2010-07-31,0.4,0.6081871345029239,0.0,"{'BND': 0, 'DBB': 1, 'DBE': 1, 'GLD': 1, 'ICF': 1, 'MUB': 1, 'RWR': 1, 'SHY': 0, 'SLV': 1, 'TIP': 0, 'TLT': 0, 'UNG': 0, 'USO': 1, 'USRT': 1, 'VB': 1, 'VEU': 1, 'VO': 1, 'VTI': 1, 'VWO': 1}",0.027964353561401367
75,2010-12-31,0.4,0.3216374269005848,0.0,"{'BND': 1, 'DBB': 0, 'DBE': 0, 'GLD': 1, 'ICF': 0, 'MUB': 1, 'RWR': 0, 'SHY': 1, 'SLV': 1, 'TIP': 1, 'TLT': 1, 'UNG': 0, 'USO': 0, 'USRT': 0, 'VB': 0, 'VEU': 0, 'VO': 0, 'VTI': 0, 'VWO': 0}",0.031957387924194336
76,2011-05-31,0.4,0.5789473684210527,0.0,"{'BND': 0, 'DBB': 1, 'DBE': 1, 'GLD': 1, 'ICF': 1, 'MUB': 0, 'RWR': 1, 'SHY': 0, 'SLV': 1, 'TIP': 1, 'TLT': 0, 'UNG': 1, 'USO': 1, 'USRT': 1, 'VB': 1, 'VEU': 1, 'VO': 1, 'VTI': 1, 'VWO': 1}",0.13983941078186035
77,2011-10-31,0.4,0.6491228070175439,0.0,"{'BND': 1, 'DBB': 0, 'DBE': 0, 'GLD': 0, 'ICF': 0, 'MUB': 0, 'RWR': 0, 'SHY': 1, 'SLV': 0, 'TIP': 1, 'TLT': 1, 'UNG': 1, 'USO': 0, 'USRT': 0, 'VB': 0, 'VEU': 0, 'VO': 0, 'VTI': 0, 'VWO': 0}",0.015980958938598633
78,2012-03-31,0.4,0.52046783625731,0.0,"{'BND': 0, 'DBB': 1, 'DBE': 1, 'GLD': 1, 'ICF': 1, 'MUB': 0, 'RWR': 1, 'SHY': 0, 'SLV': 1, 'TIP': 0, 'TLT': 0, 'UNG': 0, 'USO': 1, 'USRT': 1, 'VB': 1, 'VEU': 1, 'VO': 1, 'VTI': 1, 'VWO': 1}",0.015979766845703125
79,2012-08-31,0.4,0.34502923976608185,0.0,"{'BND': 0, 'DBB': 1, 'DBE': 1, 'GLD': 1, 'ICF': 1, 'MUB': 0, 'RWR': 1, 'SHY': 0, 'SLV': 1, 'TIP': 0, 'TLT': 0, 'UNG': 1, 'USO': 1, 'USRT': 1, 'VB': 1, 'VEU': 1, 'VO': 1, 'VTI': 1, 'VWO': 1}",0.02396678924560547
80,2013-01-31,0.4,0.40350877192982454,0.0,"{'BND': 0, 'DBB': 1, 'DBE': 1, 'GLD': 1, 'ICF': 1, 'MUB': 1, 'RWR': 1, 'SHY': 0, 'SLV': 1, 'TIP': 0, 'TLT': 0, 'UNG': 0, 'USO': 1, 'USRT': 1, 'VB': 1, 'VEU': 1, 'VO': 1, 'VTI': 1, 'VWO': 1}",0.023970365524291992
81,2013-06-30,0.4,0.5555555555555556,0.0,"{'BND': 1, 'DBB': 1, 'DBE': 1, 'GLD': 1, 'ICF': 1, 'MUB': 1, 'RWR': 1, 'SHY': 1, 'SLV': 1, 'TIP': 1, 'TLT': 1, 'UNG': 0, 'USO': 1, 'USRT': 1, 'VB': 1, 'VEU': 1, 'VO': 1, 'VTI': 1, 'VWO': 1}",0.01997065544128418
82,2013-11-30,0.4,0.36257309941520466,0.0,"{'BND': 1, 'DBB': 1, 'DBE': 1, 'GLD': 1, 'ICF': 1, 'MUB': 1, 'RWR': 1, 'SHY': 1, 'SLV': 1, 'TIP': 1, 'TLT': 1, 'UNG': 1, 'USO': 1, 'USRT': 1, 'VB': 1, 'VEU': 1, 'VO': 1, 'VTI': 1, 'VWO': 1}",0.019974708557128906
83,2014-04-30,0.4,0.34502923976608185,0.0,"{'BND': 0, 'DBB': 0, 'DBE': 0, 'GLD': 0, 'ICF': 1, 'MUB': 0, 'RWR': 1, 'SHY': 0, 'SLV': 0, 'TIP': 0, 'TLT': 0, 'UNG': 0, 'USO': 0, 'USRT': 1, 'VB': 1, 'VEU': 1, 'VO': 1, 'VTI': 1, 'VWO': 1}",0.01998305320739746
84,2014-09-30,0.4,0.3391812865497076,0.0,"{'BND': 1, 'DBB': 0, 'DBE': 1, 'GLD': 1, 'ICF': 0, 'MUB': 1, 'RWR': 0, 'SHY': 1, 'SLV': 1, 'TIP': 1, 'TLT': 1, 'UNG': 1, 'USO': 1, 'USRT': 0, 'VB': 0, 'VEU': 0, 'VO': 0, 'VTI': 0, 'VWO': 0}",0.01198434829711914
85,2015-02-28,0.4,0.3742690058479532,0.0,"{'BND': 0, 'DBB': 1, 'DBE': 1, 'GLD': 0, 'ICF': 1, 'MUB': 0, 'RWR': 1, 'SHY': 0, 'SLV': 0, 'TIP': 0, 'TLT': 0, 'UNG': 1, 'USO': 1, 'USRT': 1, 'VB': 1, 'VEU': 1, 'VO': 1, 'VTI': 1, 'VWO': 1}",0.015978574752807617
86,2015-07-31,0.4,0.4269005847953216,0.0,"{'BND': 1, 'DBB': 0, 'DBE': 0, 'GLD': 0, 'ICF': 0, 'MUB': 1, 'RWR': 0, 'SHY': 1, 'SLV': 0, 'TIP': 1, 'TLT': 1, 'UNG': 0, 'USO': 0, 'USRT': 0, 'VB': 0, 'VEU': 0, 'VO': 0, 'VTI': 0, 'VWO': 0}",0.01997518539428711
87,2015-12-31,0.4,0.3508771929824561,0.0,"{'BND': 1, 'DBB': 0, 'DBE': 0, 'GLD': 0, 'ICF': 0, 'MUB': 1, 'RWR': 0, 'SHY': 0, 'SLV': 0, 'TIP': 1, 'TLT': 1, 'UNG': 1, 'USO': 0, 'USRT': 0, 'VB': 0, 'VEU': 0, 'VO': 0, 'VTI': 0, 'VWO': 0}",0.01597881317138672
88,2016-05-31,0.4,0.38011695906432746,0.0,"{'BND': 0, 'DBB': 1, 'DBE': 1, 'GLD': 1, 'ICF': 1, 'MUB': 0, 'RWR': 1, 'SHY': 0, 'SLV': 1, 'TIP': 0, 'TLT': 0, 'UNG': 0, 'USO': 1, 'USRT': 1, 'VB': 1, 'VEU': 1, 'VO': 1, 'VTI': 1, 'VWO': 1}",0.015977144241333008
89,2016-10-31,0.4,0.3742690058479532,0.0,"{'BND': 0, 'DBB': 0, 'DBE': 1, 'GLD': 0, 'ICF': 0, 'MUB': 0, 'RWR': 0, 'SHY': 0, 'SLV': 0, 'TIP': 0, 'TLT': 0, 'UNG': 1, 'USO': 1, 'USRT': 0, 'VB': 0, 'VEU': 0, 'VO': 0, 'VTI': 0, 'VWO': 0}",0.019976139068603516
90,2017-03-31,0.4,0.5497076023391813,0.0,"{'BND': 1, 'DBB': 1, 'DBE': 1, 'GLD': 1, 'ICF': 1, 'MUB': 1, 'RWR': 1, 'SHY': 1, 'SLV': 1, 'TIP': 1, 'TLT': 1, 'UNG': 0, 'USO': 1, 'USRT': 1, 'VB': 1, 'VEU': 1, 'VO': 1, 'VTI': 1, 'VWO': 1}",0.015978336334228516
91,2017-08-31,0.4,0.3333333333333333,0.0,"{'BND': 1, 'DBB': 0, 'DBE': 0, 'GLD': 1, 'ICF': 0, 'MUB': 1, 'RWR': 0, 'SHY': 1, 'SLV': 1, 'TIP': 1, 'TLT': 1, 'UNG': 1, 'USO': 0, 'USRT': 0, 'VB': 0, 'VEU': 0, 'VO': 0, 'VTI': 0, 'VWO': 0}",0.01597905158996582
92,2008-06-30,0.5,0.4269005847953216,0.0,"{'BND': 1, 'DBB': 1, 'DBE': 1, 'GLD': 1, 'ICF': 0, 'MUB': 1, 'RWR': 0, 'SHY': 1, 'SLV': 1, 'TIP': 1, 'TLT': 1, 'UNG': 1, 'USO': 1, 'USRT': 0, 'VB': 0, 'VEU': 0, 'VO': 0, 'VTI': 0, 'VWO': 0}",0.019972801208496094
93,2008-11-30,0.5,0.5614035087719298,0.0,"{'BND': 1, 'DBB': 0, 'DBE': 0, 'GLD': 0, 'ICF': 0, 'MUB': 1, 'RWR': 0, 'SHY': 1, 'SLV': 0, 'TIP': 1, 'TLT': 1, 'UNG': 0, 'USO': 0, 'USRT': 0, 'VB': 0, 'VEU': 0, 'VO': 0, 'VTI': 0, 'VWO': 0}",0.015979766845703125
94,2009-04-30,0.5,0.5087719298245614,0.0,"{'BND': 1, 'DBB': 0, 'DBE': 0, 'GLD': 1, 'ICF': 0, 'MUB': 1, 'RWR': 0, 'SHY': 1, 'SLV': 1, 'TIP': 1, 'TLT': 1, 'UNG': 0, 'USO': 0, 'USRT': 0, 'VB': 0, 'VEU': 0, 'VO': 0, 'VTI': 0, 'VWO': 0}",0.019980430603027344
95,2009-09-30,0.5,0.3742690058479532,0.0,"{'BND': 0, 'DBB': 1, 'DBE': 1, 'GLD': 1, 'ICF': 1, 'MUB': 1, 'RWR': 1, 'SHY': 0, 'SLV': 1, 'TIP': 1, 'TLT': 0, 'UNG': 1, 'USO': 1, 'USRT': 1, 'VB': 1, 'VEU': 1, 'VO': 1, 'VTI': 1, 'VWO': 1}",0.015978336334228516
96,2010-02-28,0.5,0.5672514619883041,0.0,"{'BND': 1, 'DBB': 0, 'DBE': 0, 'GLD': 0, 'ICF': 0, 'MUB': 1, 'RWR': 0, 'SHY': 1, 'SLV': 0, 'TIP': 1, 'TLT': 1, 'UNG': 1, 'USO': 0, 'USRT': 0, 'VB': 0, 'VEU': 0, 'VO': 0, 'VTI': 0, 'VWO': 0}",0.007989645004272461
97,2010-07-31,0.5,0.52046783625731,0.0,"{'BND': 1, 'DBB': 0, 'DBE': 0, 'GLD': 0, 'ICF': 0, 'MUB': 0, 'RWR': 0, 'SHY': 1, 'SLV': 0, 'TIP': 1, 'TLT': 1, 'UNG': 0, 'USO': 0, 'USRT': 0, 'VB': 0, 'VEU': 0, 'VO': 0, 'VTI': 0, 'VWO': 0}",0.031955718994140625
98,2010-12-31,0.5,0.19883040935672514,0.0,"{'BND': 0, 'DBB': 1, 'DBE': 1, 'GLD': 0, 'ICF': 1, 'MUB': 0, 'RWR': 1, 'SHY': 0, 'SLV': 0, 'TIP': 0, 'TLT': 0, 'UNG': 1, 'USO': 1, 'USRT': 1, 'VB': 1, 'VEU': 1, 'VO': 1, 'VTI': 1, 'VWO': 1}",0.01997089385986328
99,2011-05-31,0.5,0.4093567251461988,0.0,"{'BND': 0, 'DBB': 1, 'DBE': 1, 'GLD': 1, 'ICF': 1, 'MUB': 0, 'RWR': 1, 'SHY': 0, 'SLV': 1, 'TIP': 0, 'TLT': 0, 'UNG': 1, 'USO': 1, 'USRT': 1, 'VB': 1, 'VEU': 1, 'VO': 1, 'VTI': 1, 'VWO': 1}",0.01198267936706543
100,2011-10-31,0.5,0.6140350877192983,0.0,"{'BND': 0, 'DBB': 1, 'DBE': 1, 'GLD': 1, 'ICF': 1, 'MUB': 0, 'RWR': 1, 'SHY': 0, 'SLV': 1, 'TIP': 0, 'TLT': 0, 'UNG': 1, 'USO': 1, 'USRT': 1, 'VB': 1, 'VEU': 1, 'VO': 1, 'VTI': 1, 'VWO': 1}",0.01597762107849121
101,2012-03-31,0.5,0.4502923976608187,0.0,"{'BND': 1, 'DBB': 1, 'DBE': 1, 'GLD': 1, 'ICF': 1, 'MUB': 1, 'RWR': 1, 'SHY': 1, 'SLV': 1, 'TIP': 1, 'TLT': 1, 'UNG': 0, 'USO': 1, 'USRT': 1, 'VB': 1, 'VEU': 1, 'VO': 1, 'VTI': 1, 'VWO': 1}",0.01997661590576172
102,2012-08-31,0.5,0.23391812865497075,0.0,"{'BND': 1, 'DBB': 0, 'DBE': 0, 'GLD': 0, 'ICF': 1, 'MUB': 1, 'RWR': 1, 'SHY': 1, 'SLV': 0, 'TIP': 1, 'TLT': 1, 'UNG': 0, 'USO': 0, 'USRT': 1, 'VB': 0, 'VEU': 0, 'VO': 0, 'VTI': 0, 'VWO': 0}",0.023965835571289062
103,2013-01-31,0.5,0.25146198830409355,0.0,"{'BND': 1, 'DBB': 1, 'DBE': 1, 'GLD': 1, 'ICF': 1, 'MUB': 1, 'RWR': 1, 'SHY': 1, 'SLV': 1, 'TIP': 1, 'TLT': 1, 'UNG': 0, 'USO': 1, 'USRT': 1, 'VB': 1, 'VEU': 1, 'VO': 1, 'VTI': 1, 'VWO': 1}",0.0998690128326416
104,2013-06-30,0.5,0.4678362573099415,0.0,"{'BND': 1, 'DBB': 1, 'DBE': 1, 'GLD': 1, 'ICF': 1, 'MUB': 1, 'RWR': 1, 'SHY': 1, 'SLV': 1, 'TIP': 1, 'TLT': 1, 'UNG': 1, 'USO': 1, 'USRT': 1, 'VB': 1, 'VEU': 1, 'VO': 1, 'VTI': 1, 'VWO': 1}",0.01996588706970215
105,2013-11-30,0.5,0.23391812865497075,0.0,"{'BND': 1, 'DBB': 1, 'DBE': 1, 'GLD': 1, 'ICF': 1, 'MUB': 1, 'RWR': 1, 'SHY': 1, 'SLV': 1, 'TIP': 1, 'TLT': 1, 'UNG': 1, 'USO': 1, 'USRT': 1, 'VB': 1, 'VEU': 1, 'VO': 1, 'VTI': 1, 'VWO': 1}",0.019967079162597656
106,2014-04-30,0.5,0.2222222222222222,0.0,"{'BND': 1, 'DBB': 0, 'DBE': 0, 'GLD': 0, 'ICF': 1, 'MUB': 1, 'RWR': 1, 'SHY': 1, 'SLV': 0, 'TIP': 1, 'TLT': 1, 'UNG': 1, 'USO': 0, 'USRT': 1, 'VB': 0, 'VEU': 0, 'VO': 0, 'VTI': 0, 'VWO': 0}",0.02397298812866211
107,2014-09-30,0.5,0.19298245614035087,0.0,"{'BND': 0, 'DBB': 0, 'DBE': 0, 'GLD': 0, 'ICF': 1, 'MUB': 0, 'RWR': 1, 'SHY': 0, 'SLV': 0, 'TIP': 0, 'TLT': 0, 'UNG': 0, 'USO': 0, 'USRT': 1, 'VB': 1, 'VEU': 1, 'VO': 1, 'VTI': 1, 'VWO': 1}",0.027967453002929688
108,2015-02-28,0.5,0.26900584795321636,0.0,"{'BND': 1, 'DBB': 1, 'DBE': 1, 'GLD': 1, 'ICF': 1, 'MUB': 1, 'RWR': 1, 'SHY': 1, 'SLV': 1, 'TIP': 1, 'TLT': 1, 'UNG': 1, 'USO': 1, 'USRT': 1, 'VB': 1, 'VEU': 1, 'VO': 1, 'VTI': 1, 'VWO': 1}",0.015980243682861328
109,2015-07-31,0.5,0.2982456140350877,0.0,"{'BND': 0, 'DBB': 1, 'DBE': 1, 'GLD': 0, 'ICF': 0, 'MUB': 0, 'RWR': 0, 'SHY': 0, 'SLV': 0, 'TIP': 0, 'TLT': 0, 'UNG': 0, 'USO': 1, 'USRT': 0, 'VB': 1, 'VEU': 1, 'VO': 1, 'VTI': 1, 'VWO': 1}",0.0754997730255127
110,2015-12-31,0.5,0.23976608187134502,0.0,"{'BND': 0, 'DBB': 0, 'DBE': 1, 'GLD': 0, 'ICF': 1, 'MUB': 0, 'RWR': 1, 'SHY': 0, 'SLV': 0, 'TIP': 0, 'TLT': 0, 'UNG': 0, 'USO': 1, 'USRT': 1, 'VB': 1, 'VEU': 1, 'VO': 1, 'VTI': 1, 'VWO': 1}",0.015978097915649414
111,2016-05-31,0.5,0.2982456140350877,0.0,"{'BND': 0, 'DBB': 1, 'DBE': 1, 'GLD': 1, 'ICF': 1, 'MUB': 0, 'RWR': 1, 'SHY': 0, 'SLV': 1, 'TIP': 0, 'TLT': 0, 'UNG': 1, 'USO': 1, 'USRT': 1, 'VB': 1, 'VEU': 1, 'VO': 1, 'VTI': 1, 'VWO': 1}",0.03195786476135254
112,2016-10-31,0.5,0.26900584795321636,0.0,"{'BND': 1, 'DBB': 1, 'DBE': 0, 'GLD': 1, 'ICF': 1, 'MUB': 1, 'RWR': 1, 'SHY': 1, 'SLV': 1, 'TIP': 1, 'TLT': 1, 'UNG': 1, 'USO': 0, 'USRT': 1, 'VB': 1, 'VEU': 1, 'VO': 1, 'VTI': 1, 'VWO': 1}",0.023967981338500977
113,2017-03-31,0.5,0.391812865497076,0.0,"{'BND': 1, 'DBB': 1, 'DBE': 1, 'GLD': 1, 'ICF': 1, 'MUB': 1, 'RWR': 1, 'SHY': 1, 'SLV': 1, 'TIP': 1, 'TLT': 1, 'UNG': 1, 'USO': 1, 'USRT': 1, 'VB': 1, 'VEU': 1, 'VO': 1, 'VTI': 1, 'VWO': 1}",0.023957014083862305
114,2017-08-31,0.5,0.22807017543859648,0.0,"{'BND': 0, 'DBB': 0, 'DBE': 1, 'GLD': 0, 'ICF': 1, 'MUB': 0, 'RWR': 1, 'SHY': 0, 'SLV': 0, 'TIP': 0, 'TLT': 0, 'UNG': 0, 'USO': 1, 'USRT': 1, 'VB': 1, 'VEU': 1, 'VO': 1, 'VTI': 1, 'VWO': 1}",0.023966312408447266
115,2008-06-30,0.6,0.2573099415204678,0.0,"{'BND': 0, 'DBB': 0, 'DBE': 0, 'GLD': 0, 'ICF': 1, 'MUB': 0, 'RWR': 1, 'SHY': 0, 'SLV': 0, 'TIP': 0, 'TLT': 0, 'UNG': 0, 'USO': 0, 'USRT': 1, 'VB': 1, 'VEU': 1, 'VO': 1, 'VTI': 1, 'VWO': 1}",0.03264284133911133
116,2008-11-30,0.6,0.42105263157894735,0.0,"{'BND': 0, 'DBB': 1, 'DBE': 1, 'GLD': 1, 'ICF': 1, 'MUB': 1, 'RWR': 1, 'SHY': 0, 'SLV': 1, 'TIP': 0, 'TLT': 0, 'UNG': 1, 'USO': 1, 'USRT': 1, 'VB': 1, 'VEU': 1, 'VO': 1, 'VTI': 1, 'VWO': 1}",0.02796626091003418
117,2009-04-30,0.6,0.39766081871345027,0.0,"{'BND': 1, 'DBB': 0, 'DBE': 0, 'GLD': 1, 'ICF': 0, 'MUB': 0, 'RWR': 0, 'SHY': 1, 'SLV': 1, 'TIP': 1, 'TLT': 1, 'UNG': 0, 'USO': 0, 'USRT': 0, 'VB': 0, 'VEU': 0, 'VO': 0, 'VTI': 0, 'VWO': 0}",0.09986710548400879
118,2009-09-30,0.6,0.26900584795321636,0.0,"{'BND': 1, 'DBB': 0, 'DBE': 0, 'GLD': 0, 'ICF': 0, 'MUB': 0, 'RWR': 0, 'SHY': 1, 'SLV': 0, 'TIP': 1, 'TLT': 1, 'UNG': 0, 'USO': 0, 'USRT': 0, 'VB': 0, 'VEU': 0, 'VO': 0, 'VTI': 0, 'VWO': 0}",0.01596832275390625
119,2010-02-28,0.6,0.4619883040935672,0.0,"{'BND': 0, 'DBB': 1, 'DBE': 1, 'GLD': 1, 'ICF': 1, 'MUB': 0, 'RWR': 1, 'SHY': 0, 'SLV': 1, 'TIP': 0, 'TLT': 0, 'UNG': 1, 'USO': 1, 'USRT': 1, 'VB': 1, 'VEU': 1, 'VO': 1, 'VTI': 1, 'VWO': 1}",0.015978097915649414
120,2010-07-31,0.6,0.3684210526315789,0.0,"{'BND': 0, 'DBB': 1, 'DBE': 1, 'GLD': 1, 'ICF': 1, 'MUB': 1, 'RWR': 1, 'SHY': 0, 'SLV': 1, 'TIP': 0, 'TLT': 0, 'UNG': 0, 'USO': 1, 'USRT': 1, 'VB': 1, 'VEU': 1, 'VO': 1, 'VTI': 1, 'VWO': 1}",0.015991926193237305
121,2010-12-31,0.6,0.14035087719298245,0.0,"{'BND': 1, 'DBB': 0, 'DBE': 0, 'GLD': 1, 'ICF': 0, 'MUB': 1, 'RWR': 0, 'SHY': 1, 'SLV': 1, 'TIP': 1, 'TLT': 1, 'UNG': 0, 'USO': 0, 'USRT': 0, 'VB': 0, 'VEU': 0, 'VO': 0, 'VTI': 0, 'VWO': 0}",0.01597738265991211
122,2011-05-31,0.6,0.2807017543859649,0.0,"{'BND': 0, 'DBB': 1, 'DBE': 1, 'GLD': 1, 'ICF': 1, 'MUB': 1, 'RWR': 1, 'SHY': 0, 'SLV': 1, 'TIP': 1, 'TLT': 0, 'UNG': 1, 'USO': 1, 'USRT': 1, 'VB': 1, 'VEU': 1, 'VO': 1, 'VTI': 1, 'VWO': 1}",0.019970417022705078
123,2011-10-31,0.6,0.5321637426900585,0.0,"{'BND': 0, 'DBB': 1, 'DBE': 1, 'GLD': 1, 'ICF': 1, 'MUB': 1, 'RWR': 1, 'SHY': 0, 'SLV': 1, 'TIP': 0, 'TLT': 0, 'UNG': 0, 'USO': 1, 'USRT': 1, 'VB': 1, 'VEU': 1, 'VO': 1, 'VTI': 1, 'VWO': 1}",0.015978336334228516
124,2012-03-31,0.6,0.34502923976608185,0.0,"{'BND': 0, 'DBB': 1, 'DBE': 1, 'GLD': 1, 'ICF': 1, 'MUB': 0, 'RWR': 1, 'SHY': 0, 'SLV': 1, 'TIP': 0, 'TLT': 0, 'UNG': 0, 'USO': 1, 'USRT': 1, 'VB': 1, 'VEU': 1, 'VO': 1, 'VTI': 1, 'VWO': 1}",0.0199739933013916
125,2012-08-31,0.6,0.17543859649122806,0.0,"{'BND': 1, 'DBB': 1, 'DBE': 0, 'GLD': 1, 'ICF': 0, 'MUB': 1, 'RWR': 0, 'SHY': 1, 'SLV': 1, 'TIP': 1, 'TLT': 1, 'UNG': 0, 'USO': 0, 'USRT': 0, 'VB': 0, 'VEU': 0, 'VO': 0, 'VTI': 0, 'VWO': 0}",0.019983768463134766
126,2013-01-31,0.6,0.1695906432748538,0.0,"{'BND': 0, 'DBB': 0, 'DBE': 0, 'GLD': 0, 'ICF': 0, 'MUB': 1, 'RWR': 0, 'SHY': 1, 'SLV': 0, 'TIP': 0, 'TLT': 0, 'UNG': 0, 'USO': 0, 'USRT': 0, 'VB': 0, 'VEU': 0, 'VO': 0, 'VTI': 0, 'VWO': 0}",0.015980243682861328
127,2013-06-30,0.6,0.3216374269005848,0.0,"{'BND': 1, 'DBB': 0, 'DBE': 1, 'GLD': 0, 'ICF': 1, 'MUB': 1, 'RWR': 1, 'SHY': 1, 'SLV': 0, 'TIP': 1, 'TLT': 1, 'UNG': 0, 'USO': 1, 'USRT': 1, 'VB': 1, 'VEU': 1, 'VO': 1, 'VTI': 1, 'VWO': 1}",0.0199737548828125
128,2013-11-30,0.6,0.16374269005847952,0.0,"{'BND': 0, 'DBB': 0, 'DBE': 1, 'GLD': 0, 'ICF': 1, 'MUB': 0, 'RWR': 1, 'SHY': 0, 'SLV': 0, 'TIP': 0, 'TLT': 0, 'UNG': 1, 'USO': 1, 'USRT': 1, 'VB': 1, 'VEU': 1, 'VO': 1, 'VTI': 1, 'VWO': 1}",0.023969173431396484
129,2014-04-30,0.6,0.17543859649122806,0.0,"{'BND': 0, 'DBB': 0, 'DBE': 1, 'GLD': 0, 'ICF': 0, 'MUB': 0, 'RWR': 0, 'SHY': 0, 'SLV': 0, 'TIP': 0, 'TLT': 0, 'UNG': 0, 'USO': 1, 'USRT': 0, 'VB': 1, 'VEU': 1, 'VO': 1, 'VTI': 1, 'VWO': 1}",0.02397012710571289
130,2014-09-30,0.6,0.13450292397660818,0.0,"{'BND': 0, 'DBB': 0, 'DBE': 0, 'GLD': 0, 'ICF': 1, 'MUB': 0, 'RWR': 1, 'SHY': 0, 'SLV': 1, 'TIP': 0, 'TLT': 0, 'UNG': 0, 'USO': 0, 'USRT': 1, 'VB': 1, 'VEU': 1, 'VO': 1, 'VTI': 1, 'VWO': 1}",0.023968219757080078
131,2015-02-28,0.6,0.17543859649122806,0.0,"{'BND': 1, 'DBB': 0, 'DBE': 0, 'GLD': 1, 'ICF': 0, 'MUB': 1, 'RWR': 0, 'SHY': 1, 'SLV': 1, 'TIP': 1, 'TLT': 1, 'UNG': 0, 'USO': 0, 'USRT': 0, 'VB': 0, 'VEU': 0, 'VO': 0, 'VTI': 0, 'VWO': 0}",0.12783145904541016
132,2015-07-31,0.6,0.2046783625730994,0.0,"{'BND': 1, 'DBB': 0, 'DBE': 1, 'GLD': 1, 'ICF': 1, 'MUB': 1, 'RWR': 1, 'SHY': 1, 'SLV': 1, 'TIP': 1, 'TLT': 1, 'UNG': 0, 'USO': 1, 'USRT': 1, 'VB': 0, 'VEU': 0, 'VO': 0, 'VTI': 0, 'VWO': 0}",0.019974231719970703
133,2015-12-31,0.6,0.21637426900584794,0.0,"{'BND': 1, 'DBB': 1, 'DBE': 0, 'GLD': 1, 'ICF': 0, 'MUB': 1, 'RWR': 0, 'SHY': 1, 'SLV': 1, 'TIP': 1, 'TLT': 1, 'UNG': 1, 'USO': 0, 'USRT': 0, 'VB': 0, 'VEU': 0, 'VO': 0, 'VTI': 0, 'VWO': 0}",0.019982576370239258
134,2016-05-31,0.6,0.1871345029239766,0.0,"{'BND': 1, 'DBB': 0, 'DBE': 0, 'GLD': 0, 'ICF': 0, 'MUB': 1, 'RWR': 0, 'SHY': 1, 'SLV': 0, 'TIP': 1, 'TLT': 1, 'UNG': 1, 'USO': 0, 'USRT': 0, 'VB': 0, 'VEU': 0, 'VO': 0, 'VTI': 0, 'VWO': 0}",0.01996779441833496
135,2016-10-31,0.6,0.18128654970760233,0.0,"{'BND': 0, 'DBB': 0, 'DBE': 0, 'GLD': 0, 'ICF': 0, 'MUB': 0, 'RWR': 0, 'SHY': 0, 'SLV': 0, 'TIP': 0, 'TLT': 0, 'UNG': 0, 'USO': 0, 'USRT': 0, 'VB': 0, 'VEU': 0, 'VO': 0, 'VTI': 0, 'VWO': 0}",0.019974231719970703
136,2017-03-31,0.6,0.2573099415204678,0.0,"{'BND': 0, 'DBB': 0, 'DBE': 1, 'GLD': 0, 'ICF': 1, 'MUB': 0, 'RWR': 1, 'SHY': 0, 'SLV': 0, 'TIP': 0, 'TLT': 0, 'UNG': 1, 'USO': 1, 'USRT': 1, 'VB': 0, 'VEU': 0, 'VO': 0, 'VTI': 0, 'VWO': 0}",0.015979290008544922
137,2017-08-31,0.6,0.15789473684210525,0.0,"{'BND': 0, 'DBB': 0, 'DBE': 1, 'GLD': 0, 'ICF': 1, 'MUB': 0, 'RWR': 1, 'SHY': 0, 'SLV': 0, 'TIP': 0, 'TLT': 0, 'UNG': 0, 'USO': 1, 'USRT': 1, 'VB': 1, 'VEU': 1, 'VO': 1, 'VTI': 1, 'VWO': 1}",0.019973039627075195
138,2008-06-30,0.7000000000000001,0.15789473684210525,0.0,"{'BND': 1, 'DBB': 1, 'DBE': 0, 'GLD': 1, 'ICF': 0, 'MUB': 0, 'RWR': 0, 'SHY': 1, 'SLV': 1, 'TIP': 1, 'TLT': 1, 'UNG': 0, 'USO': 0, 'USRT': 0, 'VB': 0, 'VEU': 0, 'VO': 0, 'VTI': 0, 'VWO': 0}",0.015980243682861328
139,2008-11-30,0.7000000000000001,0.25146198830409355,0.0,"{'BND': 0, 'DBB': 1, 'DBE': 1, 'GLD': 1, 'ICF': 1, 'MUB': 0, 'RWR': 1, 'SHY': 0, 'SLV': 1, 'TIP': 0, 'TLT': 0, 'UNG': 1, 'USO': 1, 'USRT': 1, 'VB': 1, 'VEU': 1, 'VO': 1, 'VTI': 1, 'VWO': 1}",0.014203071594238281
140,2009-04-30,0.7000000000000001,0.26900584795321636,0.0,"{'BND': 1, 'DBB': 0, 'DBE': 0, 'GLD': 0, 'ICF': 0, 'MUB': 1, 'RWR': 0, 'SHY': 1, 'SLV': 0, 'TIP': 0, 'TLT': 1, 'UNG': 0, 'USO': 0, 'USRT': 0, 'VB': 0, 'VEU': 0, 'VO': 0, 'VTI': 0, 'VWO': 0}",0.019973278045654297
141,2009-09-30,0.7000000000000001,0.19883040935672514,0.0,"{'BND': 0, 'DBB': 0, 'DBE': 0, 'GLD': 1, 'ICF': 0, 'MUB': 1, 'RWR': 0, 'SHY': 1, 'SLV': 1, 'TIP': 0, 'TLT': 0, 'UNG': 1, 'USO': 0, 'USRT': 0, 'VB': 0, 'VEU': 0, 'VO': 0, 'VTI': 0, 'VWO': 0}",0.019965171813964844
142,2010-02-28,0.7000000000000001,0.39766081871345027,0.0,"{'BND': 1, 'DBB': 0, 'DBE': 0, 'GLD': 0, 'ICF': 0, 'MUB': 1, 'RWR': 0, 'SHY': 1, 'SLV': 0, 'TIP': 1, 'TLT': 1, 'UNG': 1, 'USO': 0, 'USRT': 0, 'VB': 0, 'VEU': 0, 'VO': 0, 'VTI': 0, 'VWO': 0}",0.015978097915649414
143,2010-07-31,0.7000000000000001,0.24561403508771928,0.0,"{'BND': 0, 'DBB': 1, 'DBE': 1, 'GLD': 1, 'ICF': 1, 'MUB': 0, 'RWR': 1, 'SHY': 0, 'SLV': 1, 'TIP': 1, 'TLT': 0, 'UNG': 0, 'USO': 1, 'USRT': 1, 'VB': 1, 'VEU': 1, 'VO': 1, 'VTI': 1, 'VWO': 1}",0.023970842361450195
144,2010-12-31,0.7000000000000001,0.11695906432748537,0.0,"{'BND': 1, 'DBB': 0, 'DBE': 0, 'GLD': 0, 'ICF': 0, 'MUB': 1, 'RWR': 0, 'SHY': 1, 'SLV': 0, 'TIP': 1, 'TLT': 1, 'UNG': 0, 'USO': 0, 'USRT': 0, 'VB': 1, 'VEU': 1, 'VO': 1, 'VTI': 1, 'VWO': 1}",0.015978097915649414
145,2011-05-31,0.7000000000000001,0.2222222222222222,0.0,"{'BND': 0, 'DBB': 1, 'DBE': 1, 'GLD': 1, 'ICF': 1, 'MUB': 0, 'RWR': 1, 'SHY': 0, 'SLV': 1, 'TIP': 1, 'TLT': 0, 'UNG': 0, 'USO': 1, 'USRT': 1, 'VB': 1, 'VEU': 1, 'VO': 1, 'VTI': 1, 'VWO': 1}",0.10386157035827637
146,2011-10-31,0.7000000000000001,0.3508771929824561,0.0,"{'BND': 0, 'DBB': 1, 'DBE': 1, 'GLD': 0, 'ICF': 1, 'MUB': 1, 'RWR': 1, 'SHY': 0, 'SLV': 0, 'TIP': 0, 'TLT': 0, 'UNG': 1, 'USO': 1, 'USRT': 1, 'VB': 1, 'VEU': 1, 'VO': 1, 'VTI': 1, 'VWO': 1}",0.015976428985595703
147,2012-03-31,0.7000000000000001,0.19298245614035087,0.0,"{'BND': 1, 'DBB': 0, 'DBE': 0, 'GLD': 0, 'ICF': 0, 'MUB': 0, 'RWR': 0, 'SHY': 1, 'SLV': 0, 'TIP': 1, 'TLT': 1, 'UNG': 0, 'USO': 0, 'USRT': 0, 'VB': 0, 'VEU': 0, 'VO': 0, 'VTI': 0, 'VWO': 0}",0.015979766845703125
148,2012-08-31,0.7000000000000001,0.14035087719298245,0.0,"{'BND': 0, 'DBB': 1, 'DBE': 1, 'GLD': 1, 'ICF': 0, 'MUB': 0, 'RWR': 0, 'SHY': 0, 'SLV': 1, 'TIP': 0, 'TLT': 0, 'UNG': 0, 'USO': 1, 'USRT': 0, 'VB': 1, 'VEU': 1, 'VO': 1, 'VTI': 1, 'VWO': 1}",0.015978574752807617
149,2013-01-31,0.7000000000000001,0.13450292397660818,0.0,"{'BND': 0, 'DBB': 1, 'DBE': 1, 'GLD': 1, 'ICF': 0, 'MUB': 0, 'RWR': 0, 'SHY': 1, 'SLV': 1, 'TIP': 0, 'TLT': 0, 'UNG': 0, 'USO': 1, 'USRT': 0, 'VB': 0, 'VEU': 0, 'VO': 0, 'VTI': 0, 'VWO': 0}",0.019972801208496094
150,2013-06-30,0.7000000000000001,0.23976608187134502,0.0,"{'BND': 0, 'DBB': 1, 'DBE': 1, 'GLD': 0, 'ICF': 0, 'MUB': 0, 'RWR': 0, 'SHY': 0, 'SLV': 0, 'TIP': 0, 'TLT': 0, 'UNG': 1, 'USO': 1, 'USRT': 0, 'VB': 0, 'VEU': 0, 'VO': 0, 'VTI': 0, 'VWO': 0}",0.011983871459960938
151,2013-11-30,0.7000000000000001,0.09941520467836257,0.0,"{'BND': 0, 'DBB': 1, 'DBE': 0, 'GLD': 1, 'ICF': 1, 'MUB': 0, 'RWR': 1, 'SHY': 0, 'SLV': 1, 'TIP': 0, 'TLT': 0, 'UNG': 1, 'USO': 1, 'USRT': 1, 'VB': 1, 'VEU': 1, 'VO': 1, 'VTI': 1, 'VWO': 1}",0.015980243682861328
152,2014-04-30,0.7000000000000001,0.14035087719298245,0.0,"{'BND': 0, 'DBB': 1, 'DBE': 0, 'GLD': 1, 'ICF': 1, 'MUB': 0, 'RWR': 1, 'SHY': 0, 'SLV': 1, 'TIP': 0, 'TLT': 0, 'UNG': 0, 'USO': 0, 'USRT': 1, 'VB': 1, 'VEU': 1, 'VO': 1, 'VTI': 1, 'VWO': 1}",0.01597881317138672
153,2014-09-30,0.7000000000000001,0.0935672514619883,0.0,"{'BND': 0, 'DBB': 0, 'DBE': 1, 'GLD': 0, 'ICF': 1, 'MUB': 0, 'RWR': 1, 'SHY': 1, 'SLV': 1, 'TIP': 0, 'TLT': 0, 'UNG': 0, 'USO': 1, 'USRT': 1, 'VB': 1, 'VEU': 1, 'VO': 1, 'VTI': 1, 'VWO': 1}",0.01597762107849121
154,2015-02-28,0.7000000000000001,0.14619883040935672,0.0,"{'BND': 1, 'DBB': 1, 'DBE': 1, 'GLD': 1, 'ICF': 0, 'MUB': 1, 'RWR': 0, 'SHY': 1, 'SLV': 1, 'TIP': 1, 'TLT': 1, 'UNG': 1, 'USO': 1, 'USRT': 0, 'VB': 1, 'VEU': 1, 'VO': 1, 'VTI': 1, 'VWO': 1}",0.019974231719970703
155,2015-07-31,0.7000000000000001,0.15204678362573099,0.0,"{'BND': 1, 'DBB': 0, 'DBE': 1, 'GLD': 1, 'ICF': 0, 'MUB': 1, 'RWR': 0, 'SHY': 1, 'SLV': 0, 'TIP': 1, 'TLT': 1, 'UNG': 1, 'USO': 1, 'USRT': 0, 'VB': 0, 'VEU': 0, 'VO': 0, 'VTI': 0, 'VWO': 0}",0.027962684631347656
156,2015-12-31,0.7000000000000001,0.19298245614035087,0.0,"{'BND': 1, 'DBB': 0, 'DBE': 0, 'GLD': 0, 'ICF': 0, 'MUB': 1, 'RWR': 0, 'SHY': 1, 'SLV': 0, 'TIP': 1, 'TLT': 1, 'UNG': 1, 'USO': 0, 'USRT': 0, 'VB': 0, 'VEU': 0, 'VO': 0, 'VTI': 0, 'VWO': 0}",0.039948463439941406
157,2016-05-31,0.7000000000000001,0.13450292397660818,0.0,"{'BND': 1, 'DBB': 0, 'DBE': 0, 'GLD': 0, 'ICF': 0, 'MUB': 1, 'RWR': 0, 'SHY': 1, 'SLV': 0, 'TIP': 1, 'TLT': 1, 'UNG': 1, 'USO': 0, 'USRT': 0, 'VB': 1, 'VEU': 1, 'VO': 1, 'VTI': 1, 'VWO': 1}",0.019971370697021484
158,2016-10-31,0.7000000000000001,0.11695906432748537,0.0,"{'BND': 0, 'DBB': 1, 'DBE': 1, 'GLD': 1, 'ICF': 0, 'MUB': 1, 'RWR': 0, 'SHY': 0, 'SLV': 1, 'TIP': 0, 'TLT': 0, 'UNG': 1, 'USO': 1, 'USRT': 0, 'VB': 0, 'VEU': 0, 'VO': 0, 'VTI': 0, 'VWO': 0}",0.019972562789916992
159,2017-03-31,0.7000000000000001,0.19883040935672514,0.0,"{'BND': 0, 'DBB': 1, 'DBE': 0, 'GLD': 0, 'ICF': 1, 'MUB': 0, 'RWR': 1, 'SHY': 0, 'SLV': 0, 'TIP': 0, 'TLT': 0, 'UNG': 0, 'USO': 0, 'USRT': 1, 'VB': 1, 'VEU': 1, 'VO': 1, 'VTI': 1, 'VWO': 1}",0.10385870933532715
160,2017-08-31,0.7000000000000001,0.1286549707602339,0.0,"{'BND': 1, 'DBB': 1, 'DBE': 1, 'GLD': 1, 'ICF': 1, 'MUB': 1, 'RWR': 1, 'SHY': 1, 'SLV': 1, 'TIP': 1, 'TLT': 1, 'UNG': 1, 'USO': 1, 'USRT': 1, 'VB': 0, 'VEU': 0, 'VO': 0, 'VTI': 0, 'VWO': 0}",0.019974946975708008
161,2008-06-30,0.8,0.09941520467836257,0.0,"{'BND': 0, 'DBB': 1, 'DBE': 1, 'GLD': 1, 'ICF': 0, 'MUB': 0, 'RWR': 0, 'SHY': 0, 'SLV': 1, 'TIP': 0, 'TLT': 0, 'UNG': 0, 'USO': 1, 'USRT': 0, 'VB': 0, 'VEU': 0, 'VO': 0, 'VTI': 0, 'VWO': 0}",0.019974708557128906
162,2008-11-30,0.8,0.15204678362573099,0.0,"{'BND': 1, 'DBB': 1, 'DBE': 1, 'GLD': 0, 'ICF': 1, 'MUB': 1, 'RWR': 1, 'SHY': 1, 'SLV': 1, 'TIP': 0, 'TLT': 1, 'UNG': 0, 'USO': 1, 'USRT': 1, 'VB': 1, 'VEU': 1, 'VO': 1, 'VTI': 1, 'VWO': 1}",0.019973039627075195
163,2009-04-30,0.8,0.1871345029239766,0.0,"{'BND': 0, 'DBB': 1, 'DBE': 0, 'GLD': 0, 'ICF': 0, 'MUB': 1, 'RWR': 0, 'SHY': 1, 'SLV': 0, 'TIP': 0, 'TLT': 0, 'UNG': 1, 'USO': 0, 'USRT': 0, 'VB': 0, 'VEU': 0, 'VO': 0, 'VTI': 0, 'VWO': 0}",0.015978336334228516
164,2009-09-30,0.8,0.15204678362573099,0.0,"{'BND': 1, 'DBB': 0, 'DBE': 0, 'GLD': 0, 'ICF': 1, 'MUB': 1, 'RWR': 1, 'SHY': 0, 'SLV': 0, 'TIP': 1, 'TLT': 0, 'UNG': 1, 'USO': 0, 'USRT': 1, 'VB': 1, 'VEU': 1, 'VO': 1, 'VTI': 1, 'VWO': 1}",0.015977859497070312
165,2010-02-28,0.8,0.27485380116959063,0.0,"{'BND': 1, 'DBB': 0, 'DBE': 0, 'GLD': 0, 'ICF': 0, 'MUB': 1, 'RWR': 0, 'SHY': 1, 'SLV': 0, 'TIP': 1, 'TLT': 1, 'UNG': 0, 'USO': 0, 'USRT': 0, 'VB': 0, 'VEU': 0, 'VO': 0, 'VTI': 0, 'VWO': 0}",0.0199739933013916
166,2010-07-31,0.8,0.1286549707602339,0.0,"{'BND': 0, 'DBB': 0, 'DBE': 1, 'GLD': 1, 'ICF': 0, 'MUB': 0, 'RWR': 0, 'SHY': 1, 'SLV': 1, 'TIP': 0, 'TLT': 0, 'UNG': 1, 'USO': 1, 'USRT': 0, 'VB': 0, 'VEU': 0, 'VO': 0, 'VTI': 0, 'VWO': 0}",0.019973039627075195
167,2010-12-31,0.8,0.0935672514619883,0.0,"{'BND': 0, 'DBB': 1, 'DBE': 0, 'GLD': 1, 'ICF': 1, 'MUB': 0, 'RWR': 1, 'SHY': 0, 'SLV': 1, 'TIP': 0, 'TLT': 0, 'UNG': 0, 'USO': 0, 'USRT': 1, 'VB': 1, 'VEU': 1, 'VO': 1, 'VTI': 1, 'VWO': 1}",0.015980005264282227
168,2011-05-31,0.8,0.15204678362573099,0.0,"{'BND': 1, 'DBB': 0, 'DBE': 0, 'GLD': 0, 'ICF': 0, 'MUB': 0, 'RWR': 0, 'SHY': 0, 'SLV': 0, 'TIP': 0, 'TLT': 1, 'UNG': 0, 'USO': 0, 'USRT': 0, 'VB': 0, 'VEU': 0, 'VO': 0, 'VTI': 0, 'VWO': 0}",0.015979528427124023
169,2011-10-31,0.8,0.21637426900584794,0.0,"{'BND': 0, 'DBB': 1, 'DBE': 1, 'GLD': 0, 'ICF': 1, 'MUB': 0, 'RWR': 1, 'SHY': 1, 'SLV': 0, 'TIP': 0, 'TLT': 0, 'UNG': 1, 'USO': 1, 'USRT': 1, 'VB': 1, 'VEU': 1, 'VO': 1, 'VTI': 1, 'VWO': 1}",0.015973567962646484
170,2012-03-31,0.8,0.14035087719298245,0.0,"{'BND': 0, 'DBB': 0, 'DBE': 0, 'GLD': 0, 'ICF': 1, 'MUB': 0, 'RWR': 1, 'SHY': 0, 'SLV': 0, 'TIP': 0, 'TLT': 0, 'UNG': 0, 'USO': 0, 'USRT': 1, 'VB': 0, 'VEU': 0, 'VO': 0, 'VTI': 0, 'VWO': 0}",0.02397322654724121
171,2012-08-31,0.8,0.11695906432748537,0.0,"{'BND': 0, 'DBB': 0, 'DBE': 0, 'GLD': 1, 'ICF': 0, 'MUB': 1, 'RWR': 0, 'SHY': 0, 'SLV': 1, 'TIP': 0, 'TLT': 0, 'UNG': 0, 'USO': 0, 'USRT': 0, 'VB': 0, 'VEU': 0, 'VO': 0, 'VTI': 0, 'VWO': 0}",0.01596999168395996
172,2013-01-31,0.8,0.07602339181286549,0.0,"{'BND': 1, 'DBB': 1, 'DBE': 0, 'GLD': 1, 'ICF': 1, 'MUB': 1, 'RWR': 1, 'SHY': 0, 'SLV': 1, 'TIP': 1, 'TLT': 1, 'UNG': 0, 'USO': 0, 'USRT': 1, 'VB': 1, 'VEU': 1, 'VO': 1, 'VTI': 1, 'VWO': 1}",0.023967981338500977
173,2013-06-30,0.8,0.17543859649122806,0.0,"{'BND': 0, 'DBB': 1, 'DBE': 1, 'GLD': 0, 'ICF': 0, 'MUB': 0, 'RWR': 0, 'SHY': 1, 'SLV': 0, 'TIP': 0, 'TLT': 0, 'UNG': 1, 'USO': 1, 'USRT': 0, 'VB': 0, 'VEU': 0, 'VO': 0, 'VTI': 0, 'VWO': 0}",0.11184978485107422
174,2013-11-30,0.8,0.07602339181286549,0.0,"{'BND': 0, 'DBB': 0, 'DBE': 0, 'GLD': 1, 'ICF': 1, 'MUB': 0, 'RWR': 1, 'SHY': 0, 'SLV': 0, 'TIP': 0, 'TLT': 0, 'UNG': 1, 'USO': 0, 'USRT': 1, 'VB': 0, 'VEU': 1, 'VO': 0, 'VTI': 0, 'VWO': 1}",0.015978336334228516
175,2014-04-30,0.8,0.0935672514619883,0.0,"{'BND': 1, 'DBB': 0, 'DBE': 0, 'GLD': 1, 'ICF': 1, 'MUB': 1, 'RWR': 1, 'SHY': 0, 'SLV': 1, 'TIP': 1, 'TLT': 1, 'UNG': 1, 'USO': 0, 'USRT': 1, 'VB': 0, 'VEU': 0, 'VO': 0, 'VTI': 0, 'VWO': 1}",0.023955345153808594
176,2014-09-30,0.8,0.05847953216374269,0.0,"{'BND': 1, 'DBB': 0, 'DBE': 0, 'GLD': 0, 'ICF': 0, 'MUB': 1, 'RWR': 0, 'SHY': 1, 'SLV': 0, 'TIP': 1, 'TLT': 1, 'UNG': 0, 'USO': 0, 'USRT': 0, 'VB': 0, 'VEU': 1, 'VO': 0, 'VTI': 0, 'VWO': 1}",0.01998114585876465
177,2015-02-28,0.8,0.1111111111111111,0.0,"{'BND': 1, 'DBB': 1, 'DBE': 0, 'GLD': 1, 'ICF': 0, 'MUB': 1, 'RWR': 0, 'SHY': 1, 'SLV': 1, 'TIP': 1, 'TLT': 1, 'UNG': 1, 'USO': 0, 'USRT': 0, 'VB': 0, 'VEU': 0, 'VO': 0, 'VTI': 0, 'VWO': 0}",0.027968883514404297
178,2015-07-31,0.8,0.07602339181286549,0.0,"{'BND': 0, 'DBB': 0, 'DBE': 1, 'GLD': 0, 'ICF': 1, 'MUB': 1, 'RWR': 1, 'SHY': 0, 'SLV': 1, 'TIP': 0, 'TLT': 0, 'UNG': 0, 'USO': 1, 'USRT': 1, 'VB': 1, 'VEU': 1, 'VO': 1, 'VTI': 1, 'VWO': 1}",0.02396702766418457
179,2015-12-31,0.8,0.13450292397660818,0.0,"{'BND': 0, 'DBB': 0, 'DBE': 0, 'GLD': 1, 'ICF': 1, 'MUB': 0, 'RWR': 1, 'SHY': 1, 'SLV': 1, 'TIP': 0, 'TLT': 0, 'UNG': 0, 'USO': 0, 'USRT': 1, 'VB': 1, 'VEU': 1, 'VO': 1, 'VTI': 1, 'VWO': 1}",0.023970603942871094
180,2016-05-31,0.8,0.08187134502923976,0.0,"{'BND': 1, 'DBB': 0, 'DBE': 1, 'GLD': 1, 'ICF': 0, 'MUB': 0, 'RWR': 0, 'SHY': 1, 'SLV': 1, 'TIP': 1, 'TLT': 1, 'UNG': 1, 'USO': 1, 'USRT': 0, 'VB': 0, 'VEU': 0, 'VO': 0, 'VTI': 0, 'VWO': 0}",0.01996445655822754
181,2016-10-31,0.8,0.0935672514619883,0.0,"{'BND': 0, 'DBB': 1, 'DBE': 0, 'GLD': 1, 'ICF': 0, 'MUB': 1, 'RWR': 0, 'SHY': 1, 'SLV': 1, 'TIP': 0, 'TLT': 0, 'UNG': 1, 'USO': 0, 'USRT': 0, 'VB': 0, 'VEU': 0, 'VO': 0, 'VTI': 0, 'VWO': 0}",0.027960777282714844
182,2017-03-31,0.8,0.09941520467836257,0.0,"{'BND': 1, 'DBB': 1, 'DBE': 0, 'GLD': 0, 'ICF': 0, 'MUB': 1, 'RWR': 0, 'SHY': 1, 'SLV': 0, 'TIP': 1, 'TLT': 1, 'UNG': 1, 'USO': 0, 'USRT': 0, 'VB': 1, 'VEU': 1, 'VO': 1, 'VTI': 1, 'VWO': 1}",0.02397012710571289
183,2017-08-31,0.8,0.10526315789473684,0.0,"{'BND': 1, 'DBB': 1, 'DBE': 0, 'GLD': 1, 'ICF': 1, 'MUB': 1, 'RWR': 1, 'SHY': 1, 'SLV': 1, 'TIP': 1, 'TLT': 1, 'UNG': 1, 'USO': 0, 'USRT': 1, 'VB': 1, 'VEU': 1, 'VO': 1, 'VTI': 1, 'VWO': 1}",0.02396845817565918
184,2008-06-30,0.9,0.029239766081871343,0.0,"{'BND': 1, 'DBB': 1, 'DBE': 1, 'GLD': 1, 'ICF': 1, 'MUB': 1, 'RWR': 1, 'SHY': 1, 'SLV': 0, 'TIP': 1, 'TLT': 1, 'UNG': 0, 'USO': 1, 'USRT': 1, 'VB': 1, 'VEU': 0, 'VO': 1, 'VTI': 1, 'VWO': 0}",0.023967742919921875
185,2008-11-30,0.9,0.10526315789473684,0.0,"{'BND': 1, 'DBB': 1, 'DBE': 1, 'GLD': 1, 'ICF': 1, 'MUB': 1, 'RWR': 1, 'SHY': 1, 'SLV': 1, 'TIP': 1, 'TLT': 1, 'UNG': 1, 'USO': 1, 'USRT': 1, 'VB': 1, 'VEU': 1, 'VO': 1, 'VTI': 1, 'VWO': 1}",0.023966073989868164
186,2009-04-30,0.9,0.06432748538011696,0.0,"{'BND': 0, 'DBB': 0, 'DBE': 1, 'GLD': 0, 'ICF': 1, 'MUB': 1, 'RWR': 1, 'SHY': 0, 'SLV': 0, 'TIP': 0, 'TLT': 1, 'UNG': 1, 'USO': 1, 'USRT': 1, 'VB': 1, 'VEU': 1, 'VO': 1, 'VTI': 1, 'VWO': 1}",0.024725675582885742
187,2009-09-30,0.9,0.08187134502923976,0.0,"{'BND': 1, 'DBB': 0, 'DBE': 0, 'GLD': 0, 'ICF': 1, 'MUB': 0, 'RWR': 1, 'SHY': 1, 'SLV': 1, 'TIP': 1, 'TLT': 1, 'UNG': 0, 'USO': 0, 'USRT': 1, 'VB': 1, 'VEU': 1, 'VO': 1, 'VTI': 1, 'VWO': 1}",0.1282052993774414
188,2010-02-28,0.9,0.0935672514619883,0.0,"{'BND': 1, 'DBB': 1, 'DBE': 1, 'GLD': 1, 'ICF': 0, 'MUB': 0, 'RWR': 0, 'SHY': 0, 'SLV': 1, 'TIP': 1, 'TLT': 0, 'UNG': 1, 'USO': 1, 'USRT': 0, 'VB': 1, 'VEU': 1, 'VO': 1, 'VTI': 1, 'VWO': 1}",0.023969650268554688
189,2010-07-31,0.9,0.07602339181286549,0.0,"{'BND': 1, 'DBB': 1, 'DBE': 1, 'GLD': 0, 'ICF': 1, 'MUB': 0, 'RWR': 1, 'SHY': 1, 'SLV': 1, 'TIP': 0, 'TLT': 0, 'UNG': 1, 'USO': 1, 'USRT': 0, 'VB': 1, 'VEU': 1, 'VO': 1, 'VTI': 1, 'VWO': 1}",0.01564812660217285
190,2010-12-31,0.9,0.05263157894736842,0.0,"{'BND': 0, 'DBB': 0, 'DBE': 1, 'GLD': 0, 'ICF': 1, 'MUB': 0, 'RWR': 1, 'SHY': 0, 'SLV': 1, 'TIP': 0, 'TLT': 0, 'UNG': 0, 'USO': 1, 'USRT': 1, 'VB': 1, 'VEU': 1, 'VO': 1, 'VTI': 1, 'VWO': 1}",0.019973039627075195
191,2011-05-31,0.9,0.05263157894736842,0.0,"{'BND': 0, 'DBB': 1, 'DBE': 0, 'GLD': 1, 'ICF': 0, 'MUB': 0, 'RWR': 0, 'SHY': 1, 'SLV': 0, 'TIP': 1, 'TLT': 1, 'UNG': 0, 'USO': 0, 'USRT': 0, 'VB': 1, 'VEU': 1, 'VO': 1, 'VTI': 1, 'VWO': 1}",0.016353368759155273
192,2011-10-31,0.9,0.07602339181286549,0.0,"{'BND': 1, 'DBB': 0, 'DBE': 0, 'GLD': 1, 'ICF': 0, 'MUB': 1, 'RWR': 0, 'SHY': 1, 'SLV': 0, 'TIP': 1, 'TLT': 1, 'UNG': 0, 'USO': 0, 'USRT': 0, 'VB': 0, 'VEU': 0, 'VO': 0, 'VTI': 0, 'VWO': 0}",0.019972801208496094
193,2012-03-31,0.9,0.08771929824561403,0.0,"{'BND': 0, 'DBB': 1, 'DBE': 1, 'GLD': 0, 'ICF': 0, 'MUB': 0, 'RWR': 0, 'SHY': 0, 'SLV': 0, 'TIP': 0, 'TLT': 0, 'UNG': 0, 'USO': 1, 'USRT': 0, 'VB': 1, 'VEU': 1, 'VO': 1, 'VTI': 1, 'VWO': 1}",0.013985872268676758
194,2012-08-31,0.9,0.04678362573099415,0.0,"{'BND': 1, 'DBB': 1, 'DBE': 1, 'GLD': 1, 'ICF': 1, 'MUB': 1, 'RWR': 1, 'SHY': 0, 'SLV': 0, 'TIP': 0, 'TLT': 1, 'UNG': 0, 'USO': 1, 'USRT': 1, 'VB': 1, 'VEU': 1, 'VO': 1, 'VTI': 1, 'VWO': 1}",0.023967504501342773
195,2013-01-31,0.9,0.029239766081871343,0.0,"{'BND': 1, 'DBB': 0, 'DBE': 0, 'GLD': 0, 'ICF': 0, 'MUB': 0, 'RWR': 0, 'SHY': 1, 'SLV': 0, 'TIP': 1, 'TLT': 0, 'UNG': 0, 'USO': 0, 'USRT': 0, 'VB': 1, 'VEU': 1, 'VO': 1, 'VTI': 1, 'VWO': 1}",0.016440629959106445
196,2013-06-30,0.9,0.08187134502923976,0.0,"{'BND': 0, 'DBB': 1, 'DBE': 1, 'GLD': 0, 'ICF': 0, 'MUB': 0, 'RWR': 0, 'SHY': 0, 'SLV': 0, 'TIP': 1, 'TLT': 1, 'UNG': 1, 'USO': 1, 'USRT': 0, 'VB': 0, 'VEU': 0, 'VO': 0, 'VTI': 0, 'VWO': 0}",0.019982576370239258
197,2013-11-30,0.9,0.04678362573099415,0.0,"{'BND': 0, 'DBB': 0, 'DBE': 0, 'GLD': 0, 'ICF': 0, 'MUB': 0, 'RWR': 0, 'SHY': 1, 'SLV': 1, 'TIP': 0, 'TLT': 0, 'UNG': 0, 'USO': 0, 'USRT': 0, 'VB': 0, 'VEU': 1, 'VO': 0, 'VTI': 0, 'VWO': 1}",0.015979766845703125
198,2014-04-30,0.9,0.023391812865497075,0.0,"{'BND': 0, 'DBB': 0, 'DBE': 0, 'GLD': 0, 'ICF': 1, 'MUB': 1, 'RWR': 1, 'SHY': 1, 'SLV': 1, 'TIP': 1, 'TLT': 0, 'UNG': 1, 'USO': 0, 'USRT': 0, 'VB': 0, 'VEU': 1, 'VO': 0, 'VTI': 0, 'VWO': 0}",0.01997661590576172
199,2014-09-30,0.9,0.04678362573099415,0.0,"{'BND': 0, 'DBB': 0, 'DBE': 0, 'GLD': 0, 'ICF': 0, 'MUB': 0, 'RWR': 0, 'SHY': 1, 'SLV': 1, 'TIP': 1, 'TLT': 0, 'UNG': 0, 'USO': 0, 'USRT': 0, 'VB': 1, 'VEU': 0, 'VO': 1, 'VTI': 1, 'VWO': 0}",0.019972562789916992
200,2015-02-28,0.9,0.05847953216374269,0.0,"{'BND': 0, 'DBB': 1, 'DBE': 1, 'GLD': 0, 'ICF': 0, 'MUB': 1, 'RWR': 0, 'SHY': 0, 'SLV': 0, 'TIP': 0, 'TLT': 0, 'UNG': 0, 'USO': 1, 'USRT': 0, 'VB': 0, 'VEU': 0, 'VO': 0, 'VTI': 0, 'VWO': 0}",0.019971132278442383
201,2015-07-31,0.9,0.05263157894736842,0.0,"{'BND': 1, 'DBB': 1, 'DBE': 0, 'GLD': 1, 'ICF': 0, 'MUB': 0, 'RWR': 0, 'SHY': 0, 'SLV': 1, 'TIP': 1, 'TLT': 1, 'UNG': 1, 'USO': 0, 'USRT': 0, 'VB': 1, 'VEU': 1, 'VO': 1, 'VTI': 1, 'VWO': 1}",0.10712027549743652
202,2015-12-31,0.9,0.07017543859649122,0.0,"{'BND': 1, 'DBB': 1, 'DBE': 1, 'GLD': 0, 'ICF': 0, 'MUB': 0, 'RWR': 0, 'SHY': 0, 'SLV': 0, 'TIP': 1, 'TLT': 1, 'UNG': 1, 'USO': 1, 'USRT': 0, 'VB': 0, 'VEU': 0, 'VO': 0, 'VTI': 0, 'VWO': 1}",0.01597738265991211
203,2016-05-31,0.9,0.06432748538011696,0.0,"{'BND': 1, 'DBB': 0, 'DBE': 0, 'GLD': 0, 'ICF': 1, 'MUB': 0, 'RWR': 1, 'SHY': 0, 'SLV': 1, 'TIP': 0, 'TLT': 1, 'UNG': 0, 'USO': 0, 'USRT': 1, 'VB': 1, 'VEU': 1, 'VO': 1, 'VTI': 1, 'VWO': 1}",0.0199739933013916
204,2016-10-31,0.9,0.05847953216374269,0.0,"{'BND': 0, 'DBB': 0, 'DBE': 1, 'GLD': 0, 'ICF': 1, 'MUB': 1, 'RWR': 1, 'SHY': 1, 'SLV': 0, 'TIP': 1, 'TLT': 0, 'UNG': 1, 'USO': 1, 'USRT': 1, 'VB': 1, 'VEU': 1, 'VO': 1, 'VTI': 1, 'VWO': 1}",0.021294355392456055
205,2017-03-31,0.9,0.06432748538011696,0.0,"{'BND': 1, 'DBB': 1, 'DBE': 0, 'GLD': 1, 'ICF': 1, 'MUB': 1, 'RWR': 1, 'SHY': 1, 'SLV': 1, 'TIP': 1, 'TLT': 1, 'UNG': 0, 'USO': 0, 'USRT': 1, 'VB': 1, 'VEU': 1, 'VO': 1, 'VTI': 1, 'VWO': 1}",0.02246689796447754
206,2017-08-31,0.9,0.05263157894736842,0.0,"{'BND': 1, 'DBB': 0, 'DBE': 1, 'GLD': 0, 'ICF': 1, 'MUB': 1, 'RWR': 1, 'SHY': 0, 'SLV': 1, 'TIP': 1, 'TLT': 1, 'UNG': 0, 'USO': 1, 'USRT': 1, 'VB': 0, 'VEU': 1, 'VO': 0, 'VTI': 0, 'VWO': 1}",0.01597905158996582
